Session_ID,Recording_Number,Sequence_Number,Frame_count,tid,posy,posz,vely,velz,accy,accz,pointy0,pointz0,snr0,pointy1,pointz1,snr1,pointy2,pointz2,snr2,pointy3,pointz3,snr3,pointy4,pointz4,snr4,pointy5,pointz5,snr5,pointy6,pointz6,snr6,pointy7,pointz7,snr7,pointy8,pointz8,snr8,pointy9,pointz9,snr9,pointy10,pointz10,snr10,pointy11,pointz11,snr11,pointy12,pointz12,snr12,pointy13,pointz13,snr13,pointy14,pointz14,snr14,pointy15,pointz15,snr15,pointy16,pointz16,snr16,pointy17,pointz17,snr17,pointy18,pointz18,snr18,pointy19,pointz19,snr19,pointy20,pointz20,snr20,pointy21,pointz21,snr21,pointy22,pointz22,snr22,pointy23,pointz23,snr23,pointy24,pointz24,snr24,pointy25,pointz25,snr25,pointy26,pointz26,snr26,pointy27,pointz27,snr27,pointy28,pointz28,snr28,pointy29,pointz29,snr29,pointy30,pointz30,snr30,pointy31,pointz31,snr31,pointy32,pointz32,snr32,pointy33,pointz33,snr33,pointy34,pointz34,snr34,pointy35,pointz35,snr35,pointy36,pointz36,snr36,pointy37,pointz37,snr37,pointy38,pointz38,snr38,pointy39,pointz39,snr39,pointy40,pointz40,snr40,pointy41,pointz41,snr41,pointy42,pointz42,snr42,pointy43,pointz43,snr43,pointy44,pointz44,snr44,pointy45,pointz45,snr45,pointy46,pointz46,snr46,pointy47,pointz47,snr47,pointy48,pointz48,snr48,pointy49,pointz49,snr49
180026,35,1,1760,0,2.8,-0.21,0.19,-0.57,0.22,-0.48,3.13,-1.29,8.5,2.66,-0.85,20.0,2.71,-0.96,19.25,2.86,-1.01,15.25,3.01,-1.12,12.25,2.62,-0.61,15.25,2.5,-0.15,8.75,3.81,0.18,7.0,3.67,0.46,5.75,2.86,-1.08,14.5,3.99,-0.59,13.5,2.78,-0.09,21.0,3.76,-0.31,11.0,3.85,-0.32,15.75,2.7,0.2,26.25,2.57,0.37,14.25,2.66,0.29,24.5,,,,,,,,,,,,,,,,,,,,,,,,,,,,,,,,,,,,,,,,,,,,,,,,,,,,,,,,,,,,,,,,,,,,,,,,,,,,,,,,,,,,,,,,,,,,,,,,,,,
180026,35,2,1761,0,2.87,-0.46,0.24,-0.94,0.2,-0.75,2.68,-1.16,19.0,2.78,-1.22,17.0,2.97,-1.21,12.25,2.64,-0.89,17.25,3.36,-1.02,10.25,2.57,-0.59,15.0,2.48,-0.48,10.25,3.76,-0.31,16.75,3.81,-0.27,19.75,4.02,-0.29,14.5,,,,,,,,,,,,,,,,,,,,,,,,,,,,,,,,,,,,,,,,,,,,,,,,,,,,,,,,,,,,,,,,,,,,,,,,,,,,,,,,,,,,,,,,,,,,,,,,,,,,,,,,,,,,,,,,,,,,,,,,
180026,35,3,1762,0,2.86,-0.71,0.16,-1.27,0.05,-0.96,2.64,-1.4,16.0,2.75,-1.38,18.75,2.8,-1.45,12.75,3.02,-1.49,5.75,2.46,-0.76,8.75,2.5,-0.79,17.25,2.62,-0.67,14.75,3.61,-0.74,5.5,3.77,-0.69,6.5,3.95,-0.81,5.0,2.66,-1.14,22.25,2.77,-1.21,19.25,2.69,-0.59,22.25,,,,,,,,,,,,,,,,,,,,,,,,,,,,,,,,,,,,,,,,,,,,,,,,,,,,,,,,,,,,,,,,,,,,,,,,,,,,,,,,,,,,,,,,,,,,,,,,,,,,,,,,,,,,,,,
180026,35,4,1763,0,2.87,-0.89,0.12,-1.44,-0.02,-1.01,2.65,-1.03,16.75,2.75,-1.13,19.75,2.86,-1.12,21.0,2.93,-1.18,16.0,3.06,-1.32,8.25,2.55,-0.9,11.25,3.57,-0.98,5.0,3.84,-0.67,11.0,3.95,-0.79,10.25,2.67,-1.09,22.75,2.78,-1.21,19.0,2.98,-1.24,14.25,3.72,-0.55,16.75,,,,,,,,,,,,,,,,,,,,,,,,,,,,,,,,,,,,,,,,,,,,,,,,,,,,,,,,,,,,,,,,,,,,,,,,,,,,,,,,,,,,,,,,,,,,,,,,,,,,,,,,,,,,,,,
180026,35,5,1764,0,2.89,-1.06,0.1,-1.56,-0.06,-1.01,2.67,-1.09,13.5,2.74,-1.19,18.0,2.85,-1.25,19.25,2.95,-1.23,18.0,3.06,-1.27,11.25,2.61,-0.78,4.5,3.81,-0.78,6.75,3.93,-0.89,7.0,2.7,-1.07,24.25,2.78,-1.22,21.5,3.73,-0.5,16.75,3.82,-0.45,20.5,4.0,-0.48,17.25,,,,,,,,,,,,,,,,,,,,,,,,,,,,,,,,,,,,,,,,,,,,,,,,,,,,,,,,,,,,,,,,,,,,,,,,,,,,,,,,,,,,,,,,,,,,,,,,,,,,,,,,,,,,,,,
180026,35,6,1765,0,2.88,-1.17,0.03,-1.55,-0.17,-0.89,2.68,-1.06,12.5,2.79,-1.05,16.75,2.9,-1.12,17.5,2.96,-1.23,16.5,3.02,-1.35,9.75,2.7,-1.09,24.25,2.78,-1.21,21.5,2.65,-0.9,23.0,3.68,-0.7,16.0,3.82,-0.51,19.5,3.98,-0.64,17.0,,,,,,,,,,,,,,,,,,,,,,,,,,,,,,,,,,,,,,,,,,,,,,,,,,,,,,,,,,,,,,,,,,,,,,,,,,,,,,,,,,,,,,,,,,,,,,,,,,,,,,,,,,,,,,,,,,,,,
180026,35,7,1766,0,2.87,-1.25,-0.05,-1.46,-0.27,-0.71,2.97,-1.47,9.75,2.91,-1.3,16.5,2.74,-0.99,10.75,2.85,-0.98,17.75,2.91,-1.06,19.25,2.7,-1.1,24.0,2.8,-1.15,21.75,2.95,-1.2,15.0,2.57,-0.81,19.25,2.64,-0.93,22.75,3.7,-0.68,16.75,3.83,-0.51,20.75,3.99,-0.53,18.75,,,,,,,,,,,,,,,,,,,,,,,,,,,,,,,,,,,,,,,,,,,,,,,,,,,,,,,,,,,,,,,,,,,,,,,,,,,,,,,,,,,,,,,,,,,,,,,,,,,,,,,,,,,,,,,
180026,35,8,1767,0,2.87,-1.32,-0.1,-1.37,-0.32,-0.55,2.59,-1.01,4.5,3.01,-1.05,7.75,3.06,-1.09,9.5,2.75,-1.27,24.0,2.69,-1.15,25.75,2.89,-1.3,15.75,3.22,-1.21,12.0,2.58,-0.79,19.25,2.65,-0.94,23.25,2.5,-0.59,10.25,3.71,-0.63,16.25,3.84,-0.49,20.75,3.99,-0.58,18.75,,,,,,,,,,,,,,,,,,,,,,,,,,,,,,,,,,,,,,,,,,,,,,,,,,,,,,,,,,,,,,,,,,,,,,,,,,,,,,,,,,,,,,,,,,,,,,,,,,,,,,,,,,,,,,,
180026,35,9,1768,0,2.86,-1.46,-0.13,-1.43,-0.32,-0.55,2.75,-1.28,22.5,2.7,-1.18,24.25,2.89,-1.3,14.5,3.11,-1.32,10.5,3.57,-0.94,9.25,3.96,-0.72,14.75,,,,,,,,,,,,,,,,,,,,,,,,,,,,,,,,,,,,,,,,,,,,,,,,,,,,,,,,,,,,,,,,,,,,,,,,,,,,,,,,,,,,,,,,,,,,,,,,,,,,,,,,,,,,,,,,,,,,,,,,,,,,,,,,,,,,
180026,35,10,1769,0,2.87,-1.43,-0.12,-1.17,-0.3,-0.28,2.92,-1.4,5.5,2.87,-1.12,6.25,2.7,-0.84,5.25,2.83,-0.79,7.75,2.76,-1.3,22.25,2.84,-1.4,16.0,2.72,-1.16,22.75,3.09,-1.37,10.25,3.55,-0.99,8.75,3.92,-0.94,12.5,,,,,,,,,,,,,,,,,,,,,,,,,,,,,,,,,,,,,,,,,,,,,,,,,,,,,,,,,,,,,,,,,,,,,,,,,,,,,,,,,,,,,,,,,,,,,,,,,,,,,,,,,,,,,,,,,,,,,,,,
180026,35,11,1770,0,2.85,-1.51,-0.15,-1.13,-0.3,-0.23,2.73,-1.06,5.0,2.77,-1.29,22.5,3.49,-1.09,7.0,3.72,-1.17,11.0,3.88,-1.07,12.5,,,,,,,,,,,,,,,,,,,,,,,,,,,,,,,,,,,,,,,,,,,,,,,,,,,,,,,,,,,,,,,,,,,,,,,,,,,,,,,,,,,,,,,,,,,,,,,,,,,,,,,,,,,,,,,,,,,,,,,,,,,,,,,,,,,,,,,
180026,35,12,1771,0,2.84,-1.62,-0.18,-1.16,-0.3,-0.23,2.82,-1.42,17.75,2.6,-0.99,6.75,2.75,-1.12,24.0,2.78,-1.22,22.75,3.54,-0.93,6.5,3.71,-1.1,9.75,3.88,-1.07,8.75,,,,,,,,,,,,,,,,,,,,,,,,,,,,,,,,,,,,,,,,,,,,,,,,,,,,,,,,,,,,,,,,,,,,,,,,,,,,,,,,,,,,,,,,,,,,,,,,,,,,,,,,,,,,,,,,,,,,,,,,,,,,,,,,,
180026,35,13,1772,0,2.84,-1.64,-0.18,-1.03,-0.29,-0.11,2.78,-1.0,4.25,2.86,-1.34,18.25,2.71,-1.07,17.25,2.75,-1.14,23.25,2.78,-1.24,22.25,2.61,-0.94,4.25,3.67,-1.19,9.75,3.53,-0.99,7.0,3.87,-1.13,8.25,,,,,,,,,,,,,,,,,,,,,,,,,,,,,,,,,,,,,,,,,,,,,,,,,,,,,,,,,,,,,,,,,,,,,,,,,,,,,,,,,,,,,,,,,,,,,,,,,,,,,,,,,,,,,,,,,,,,,,,,,,,
180026,35,14,1773,0,2.82,-1.75,-0.21,-1.04,-0.29,-0.11,2.72,-1.08,17.5,2.76,-1.13,23.75,3.65,-1.22,10.5,3.85,-1.19,9.0,3.52,-1.01,8.25,,,,,,,,,,,,,,,,,,,,,,,,,,,,,,,,,,,,,,,,,,,,,,,,,,,,,,,,,,,,,,,,,,,,,,,,,,,,,,,,,,,,,,,,,,,,,,,,,,,,,,,,,,,,,,,,,,,,,,,,,,,,,,,,,,,,,,,
180026,35,15,1774,0,2.8,-1.85,-0.24,-1.06,-0.29,-0.11,2.72,-1.09,17.0,2.76,-1.14,23.25,2.81,-1.22,23.0,3.09,-1.26,10.25,3.5,-1.08,8.75,3.63,-1.22,11.0,3.83,-1.26,7.75,,,,,,,,,,,,,,,,,,,,,,,,,,,,,,,,,,,,,,,,,,,,,,,,,,,,,,,,,,,,,,,,,,,,,,,,,,,,,,,,,,,,,,,,,,,,,,,,,,,,,,,,,,,,,,,,,,,,,,,,,,,,,,,,,
180026,35,16,1775,0,2.77,-1.96,-0.27,-1.07,-0.29,-0.11,3.04,-1.29,10.5,3.64,-1.25,6.0,3.47,-0.96,4.25,3.88,-1.09,4.5,,,,,,,,,,,,,,,,,,,,,,,,,,,,,,,,,,,,,,,,,,,,,,,,,,,,,,,,,,,,,,,,,,,,,,,,,,,,,,,,,,,,,,,,,,,,,,,,,,,,,,,,,,,,,,,,,,,,,,,,,,,,,,,,,,,,,,,,,,
180026,35,17,1776,0,2.74,-2.06,-0.3,-1.08,0.0,0.0,3.44,-1.07,4.5,3.67,-1.17,7.0,3.9,-0.99,5.5,,,,,,,,,,,,,,,,,,,,,,,,,,,,,,,,,,,,,,,,,,,,,,,,,,,,,,,,,,,,,,,,,,,,,,,,,,,,,,,,,,,,,,,,,,,,,,,,,,,,,,,,,,,,,,,,,,,,,,,,,,,,,,,,,,,,,,,,,,,,,
180026,35,18,1777,0,2.71,-2.17,-0.3,-1.08,0.0,0.0,2.8,-1.05,22.0,2.88,-1.08,22.75,2.93,-1.19,20.0,3.4,-1.2,4.75,3.63,-1.24,6.75,,,,,,,,,,,,,,,,,,,,,,,,,,,,,,,,,,,,,,,,,,,,,,,,,,,,,,,,,,,,,,,,,,,,,,,,,,,,,,,,,,,,,,,,,,,,,,,,,,,,,,,,,,,,,,,,,,,,,,,,,,,,,,,,,,,,,,,
180026,35,19,1778,0,2.68,-2.28,-0.3,-1.08,0.0,0.0,2.87,-1.12,24.0,2.74,-0.99,17.25,2.82,-1.01,22.25,,,,,,,,,,,,,,,,,,,,,,,,,,,,,,,,,,,,,,,,,,,,,,,,,,,,,,,,,,,,,,,,,,,,,,,,,,,,,,,,,,,,,,,,,,,,,,,,,,,,,,,,,,,,,,,,,,,,,,,,,,,,,,,,,,,,,,,,,,,,,
180026,35,20,1779,0,2.65,-2.39,-0.3,-1.08,0.0,0.0,2.71,-1.05,15.5,2.8,-1.06,20.5,2.87,-1.12,22.0,2.94,-1.16,19.25,3.1,-1.09,8.5,3.72,-1.03,5.0,3.92,-0.92,4.0,,,,,,,,,,,,,,,,,,,,,,,,,,,,,,,,,,,,,,,,,,,,,,,,,,,,,,,,,,,,,,,,,,,,,,,,,,,,,,,,,,,,,,,,,,,,,,,,,,,,,,,,,,,,,,,,,,,,,,,,,,,,,,,,,
180026,35,21,1780,0,2.62,-2.49,-0.3,-1.08,0.0,0.0,2.7,-1.04,14.5,2.88,-1.13,20.0,2.93,-1.2,18.5,3.07,-1.18,7.75,2.8,-1.02,18.5,3.72,-1.06,4.75,3.88,-1.09,4.0,,,,,,,,,,,,,,,,,,,,,,,,,,,,,,,,,,,,,,,,,,,,,,,,,,,,,,,,,,,,,,,,,,,,,,,,,,,,,,,,,,,,,,,,,,,,,,,,,,,,,,,,,,,,,,,,,,,,,,,,,,,,,,,,,
180026,35,22,1781,0,2.59,-2.6,-0.3,-1.08,0.0,0.0,2.73,-1.03,15.0,2.79,-1.07,20.75,2.84,-1.14,21.5,2.91,-1.17,17.5,3.1,-1.1,5.5,3.71,-1.12,6.0,3.83,-1.25,5.25,,,,,,,,,,,,,,,,,,,,,,,,,,,,,,,,,,,,,,,,,,,,,,,,,,,,,,,,,,,,,,,,,,,,,,,,,,,,,,,,,,,,,,,,,,,,,,,,,,,,,,,,,,,,,,,,,,,,,,,,,,,,,,,,,
180026,35,23,1782,0,2.56,-2.71,-0.3,-1.08,0.0,0.0,2.73,-1.05,16.0,2.78,-1.1,22.0,2.83,-1.15,22.0,2.9,-1.2,17.75,3.04,-1.25,6.25,3.7,-1.14,5.5,3.85,-1.19,5.25,,,,,,,,,,,,,,,,,,,,,,,,,,,,,,,,,,,,,,,,,,,,,,,,,,,,,,,,,,,,,,,,,,,,,,,,,,,,,,,,,,,,,,,,,,,,,,,,,,,,,,,,,,,,,,,,,,,,,,,,,,,,,,,,,
180026,35,24,1783,0,2.54,-2.82,-0.3,-1.08,0.0,0.0,2.97,-1.41,5.75,2.72,-1.06,16.5,2.77,-1.1,22.5,2.83,-1.13,21.75,2.9,-1.19,17.5,3.85,-1.18,5.5,3.75,-1.0,5.5,,,,,,,,,,,,,,,,,,,,,,,,,,,,,,,,,,,,,,,,,,,,,,,,,,,,,,,,,,,,,,,,,,,,,,,,,,,,,,,,,,,,,,,,,,,,,,,,,,,,,,,,,,,,,,,,,,,,,,,,,,,,,,,,,
180026,35,25,1784,0,2.51,-2.93,-0.3,-1.08,0.0,0.0,2.73,-1.05,17.5,2.78,-1.08,23.25,2.82,-1.11,22.75,2.9,-1.16,16.75,3.02,-1.31,5.5,3.69,-1.15,4.25,,,,,,,,,,,,,,,,,,,,,,,,,,,,,,,,,,,,,,,,,,,,,,,,,,,,,,,,,,,,,,,,,,,,,,,,,,,,,,,,,,,,,,,,,,,,,,,,,,,,,,,,,,,,,,,,,,,,,,,,,,,,,,,,,,,,
180107,36,1,1963,0,3.02,0.02,0.35,-0.43,0.24,-0.99,3.05,-1.42,11.0,2.81,-1.13,19.5,2.92,-1.26,16.0,2.75,-1.01,22.25,2.45,-0.62,12.25,2.57,-0.63,17.25,2.69,-0.78,19.5,3.83,-0.39,10.25,3.99,-0.57,7.75,3.69,-0.34,7.0,2.82,-1.15,15.25,3.0,-1.18,12.75,3.78,-0.19,18.25,3.84,-0.16,21.75,4.02,-0.27,17.75,,,,,,,,,,,,,,,,,,,,,,,,,,,,,,,,,,,,,,,,,,,,,,,,,,,,,,,,,,,,,,,,,,,,,,,,,,,,,,,,,,,,,,,,,,,,,,,,,,,,,,,,,
180107,36,2,1964,0,3.06,-0.19,0.33,-0.78,0.16,-1.2,2.66,-1.01,17.0,2.67,-1.18,19.75,2.79,-1.17,16.75,2.96,-1.23,12.75,3.15,-1.25,10.0,2.57,-0.82,10.0,3.44,-1.04,5.75,2.41,-0.65,5.0,3.8,-0.48,5.25,2.94,-1.39,12.25,2.78,-1.21,13.25,3.46,-0.79,11.5,2.74,-0.54,20.0,3.76,-0.33,18.75,3.82,-0.26,22.0,4.01,-0.34,17.75,,,,,,,,,,,,,,,,,,,,,,,,,,,,,,,,,,,,,,,,,,,,,,,,,,,,,,,,,,,,,,,,,,,,,,,,,,,,,,,,,,,,,,,,,,,,,,,,,,,,,,
180107,36,3,1965,0,3.06,-0.48,0.27,-1.24,0.03,-1.48,2.84,-1.46,10.75,2.79,-1.21,13.5,2.41,-0.79,12.25,2.49,-0.82,17.75,2.75,-0.85,15.75,3.22,-1.19,5.25,3.49,-1.22,6.75,2.61,-0.76,17.75,3.76,-0.85,8.75,3.97,-0.66,6.75,2.95,-1.36,11.5,2.83,-1.12,13.75,2.74,-0.71,19.0,3.44,-0.85,10.5,3.78,-0.23,18.75,3.83,-0.22,22.0,4.02,-0.29,18.0,2.6,-0.03,23.0,,,,,,,,,,,,,,,,,,,,,,,,,,,,,,,,,,,,,,,,,,,,,,,,,,,,,,,,,,,,,,,,,,,,,,,,,,,,,,,,,,,,,,,,,,,,,,,,
180107,36,4,1966,0,3.04,-0.8,0.18,-1.69,-0.1,-1.73,2.99,-1.42,9.75,2.54,-1.01,12.0,2.62,-1.13,18.75,2.72,-1.2,22.25,2.8,-1.24,22.75,2.88,-1.28,18.25,3.41,-1.12,4.75,3.69,-1.01,4.0,2.83,-1.17,21.25,2.93,-1.24,15.25,2.75,-1.01,22.25,3.35,-0.96,11.25,2.58,-0.52,18.75,2.71,-0.57,21.5,3.77,-0.24,18.75,3.83,-0.23,22.25,4.01,-0.33,18.25,2.42,0.27,17.0,,,,,,,,,,,,,,,,,,,,,,,,,,,,,,,,,,,,,,,,,,,,,,,,,,,,,,,,,,,,,,,,,,,,,,,,,,,,,,,,,,,,,,,,,,,,,,,,
180107,36,5,1967,0,3.01,-0.96,0.02,-1.76,-0.33,-1.59,2.56,-1.02,9.5,2.61,-1.12,18.0,2.65,-1.14,18.75,3.01,-1.13,12.5,3.14,-1.29,8.75,3.39,-1.27,6.0,2.86,-1.01,14.5,3.72,-1.06,5.5,3.89,-1.03,7.5,2.74,-1.08,22.5,2.81,-1.22,21.0,2.93,-1.24,15.25,3.32,-1.02,11.0,2.54,-0.66,18.5,2.68,-0.73,20.5,3.78,-0.22,19.0,3.83,-0.22,22.75,4.02,-0.27,18.25,2.42,0.13,16.25,,,,,,,,,,,,,,,,,,,,,,,,,,,,,,,,,,,,,,,,,,,,,,,,,,,,,,,,,,,,,,,,,,,,,,,,,,,,,,,,,,,,,,,,,,,,,
180107,36,6,1968,0,2.99,-1.11,-0.1,-1.82,-0.49,-1.47,3.03,-1.43,7.0,2.69,-1.11,11.5,2.76,-1.16,18.0,2.81,-1.2,18.25,2.91,-1.23,13.0,3.58,-1.41,5.0,3.92,-0.91,4.5,2.75,-1.11,23.25,2.83,-1.14,22.75,2.91,-1.24,15.25,2.66,-0.87,19.75,3.35,-0.98,10.5,2.33,-0.37,5.25,4.01,-0.39,19.75,3.79,-0.22,19.5,3.83,-0.3,23.5,,,,,,,,,,,,,,,,,,,,,,,,,,,,,,,,,,,,,,,,,,,,,,,,,,,,,,,,,,,,,,,,,,,,,,,,,,,,,,,,,,,,,,,,,,,,,,,,,,,,,,
180107,36,7,1969,0,2.96,-1.21,-0.24,-1.72,-0.66,-1.18,2.7,-1.17,12.75,2.78,-1.16,20.75,2.82,-1.13,21.75,2.9,-1.12,15.0,3.53,-1.16,5.5,3.61,-1.22,6.5,2.64,-1.02,20.25,2.75,-1.12,25.0,2.81,-1.16,23.75,2.91,-1.22,15.75,2.51,-0.78,18.0,3.26,-1.09,10.5,2.44,-0.61,14.25,4.01,-0.39,18.5,3.78,-0.28,17.5,3.84,-0.28,21.75,,,,,,,,,,,,,,,,,,,,,,,,,,,,,,,,,,,,,,,,,,,,,,,,,,,,,,,,,,,,,,,,,,,,,,,,,,,,,,,,,,,,,,,,,,,,,,,,,,,,,,
180107,36,8,1970,0,2.92,-1.32,-0.34,-1.69,-0.75,-1.01,2.6,-1.22,8.5,2.67,-1.26,12.5,2.81,-1.15,11.25,2.98,-1.07,6.25,3.67,-1.18,4.5,2.64,-1.03,19.25,2.75,-1.15,24.5,2.82,-1.18,24.0,2.91,-1.22,17.5,3.17,-1.18,11.75,2.51,-0.81,17.5,3.5,-1.15,12.5,3.61,-1.29,15.0,3.85,-1.19,12.25,,,,,,,,,,,,,,,,,,,,,,,,,,,,,,,,,,,,,,,,,,,,,,,,,,,,,,,,,,,,,,,,,,,,,,,,,,,,,,,,,,,,,,,,,,,,,,,,,,,,,,,,,,,,
180107,36,9,1971,0,2.88,-1.49,-0.42,-1.79,-0.75,-1.01,2.62,-1.08,19.5,2.74,-1.19,24.25,2.82,-1.19,24.5,2.92,-1.24,18.75,3.76,-1.45,11.0,2.41,-0.81,11.25,2.5,-0.88,16.5,3.19,-1.16,13.25,3.48,-1.16,13.5,3.58,-1.32,14.75,,,,,,,,,,,,,,,,,,,,,,,,,,,,,,,,,,,,,,,,,,,,,,,,,,,,,,,,,,,,,,,,,,,,,,,,,,,,,,,,,,,,,,,,,,,,,,,,,,,,,,,,,,,,,,,,,,,,,,,,
180107,36,10,1972,0,2.84,-1.68,-0.49,-1.89,-0.75,-1.01,2.58,-1.23,18.5,2.72,-1.26,24.0,2.49,-0.93,15.0,2.82,-1.23,24.75,2.89,-1.26,19.5,3.14,-1.24,11.75,3.52,-1.13,13.5,3.63,-1.22,14.25,3.82,-1.29,11.75,,,,,,,,,,,,,,,,,,,,,,,,,,,,,,,,,,,,,,,,,,,,,,,,,,,,,,,,,,,,,,,,,,,,,,,,,,,,,,,,,,,,,,,,,,,,,,,,,,,,,,,,,,,,,,,,,,,,,,,,,,,
180107,36,11,1973,0,2.79,-1.87,-0.57,-1.99,-0.75,-1.01,2.64,-1.23,20.25,2.55,-1.08,9.25,2.83,-1.18,28.0,2.88,-1.22,22.25,3.1,-1.24,11.0,3.52,-1.16,13.5,3.63,-1.23,14.75,3.83,-1.26,12.0,,,,,,,,,,,,,,,,,,,,,,,,,,,,,,,,,,,,,,,,,,,,,,,,,,,,,,,,,,,,,,,,,,,,,,,,,,,,,,,,,,,,,,,,,,,,,,,,,,,,,,,,,,,,,,,,,,,,,,,,,,,,,,
180107,36,12,1974,0,2.77,-1.9,-0.59,-1.78,-0.74,-0.73,2.67,-1.16,5.25,2.58,-1.01,7.75,2.68,-1.18,19.0,2.79,-1.14,25.75,3.54,-1.15,13.0,3.61,-1.29,14.5,3.83,-1.24,11.75,,,,,,,,,,,,,,,,,,,,,,,,,,,,,,,,,,,,,,,,,,,,,,,,,,,,,,,,,,,,,,,,,,,,,,,,,,,,,,,,,,,,,,,,,,,,,,,,,,,,,,,,,,,,,,,,,,,,,,,,,,,,,,,,,
180107,36,13,1975,0,2.81,-1.8,-0.49,-1.42,-0.61,-0.38,2.78,-1.28,13.25,2.77,-1.22,11.75,2.9,-1.25,7.25,2.68,-1.22,19.25,2.61,-0.97,5.75,2.84,-1.15,28.75,2.89,-1.19,22.75,3.09,-1.26,11.5,2.6,-0.97,5.75,3.52,-1.15,13.25,3.6,-1.29,14.5,3.8,-1.33,11.5,,,,,,,,,,,,,,,,,,,,,,,,,,,,,,,,,,,,,,,,,,,,,,,,,,,,,,,,,,,,,,,,,,,,,,,,,,,,,,,,,,,,,,,,,,,,,,,,,,,,,,,,,,,,,,,,,,
180107,36,14,1976,0,2.85,-1.72,-0.39,-1.15,-0.48,-0.16,2.66,-1.2,14.75,2.82,-1.31,14.0,2.74,-1.2,21.0,2.78,-1.23,21.0,2.67,-1.23,19.25,3.1,-1.26,12.0,2.61,-0.96,5.25,3.51,-1.15,13.0,3.61,-1.25,14.25,3.83,-1.26,11.0,,,,,,,,,,,,,,,,,,,,,,,,,,,,,,,,,,,,,,,,,,,,,,,,,,,,,,,,,,,,,,,,,,,,,,,,,,,,,,,,,,,,,,,,,,,,,,,,,,,,,,,,,,,,,,,,,,,,,,,,
180107,36,15,1977,0,2.9,-1.64,-0.26,-0.9,-0.32,0.02,2.68,-1.12,9.0,2.77,-1.11,15.25,2.82,-1.07,14.0,2.99,-0.94,5.25,2.9,-1.19,22.0,3.09,-1.25,11.75,2.61,-0.92,5.5,3.48,-1.15,12.0,3.6,-1.22,12.5,3.84,-1.21,8.5,,,,,,,,,,,,,,,,,,,,,,,,,,,,,,,,,,,,,,,,,,,,,,,,,,,,,,,,,,,,,,,,,,,,,,,,,,,,,,,,,,,,,,,,,,,,,,,,,,,,,,,,,,,,,,,,,,,,,,,,
180107,36,16,1978,0,2.87,-1.64,-0.31,-0.75,-0.36,0.15,2.75,-1.26,12.25,2.74,-1.34,13.25,2.92,-1.17,6.0,2.9,-1.18,22.0,3.08,-1.28,12.0,3.46,-1.21,12.25,3.59,-1.26,12.5,3.84,-1.21,8.25,,,,,,,,,,,,,,,,,,,,,,,,,,,,,,,,,,,,,,,,,,,,,,,,,,,,,,,,,,,,,,,,,,,,,,,,,,,,,,,,,,,,,,,,,,,,,,,,,,,,,,,,,,,,,,,,,,,,,,,,,,,,,,
180107,36,17,1979,0,2.89,-1.58,-0.25,-0.55,-0.29,0.3,2.92,-1.12,15.5,2.91,-1.2,11.0,2.9,-0.98,9.0,2.89,-1.19,22.5,3.44,-1.25,11.25,3.59,-1.29,11.25,3.84,-1.22,8.75,,,,,,,,,,,,,,,,,,,,,,,,,,,,,,,,,,,,,,,,,,,,,,,,,,,,,,,,,,,,,,,,,,,,,,,,,,,,,,,,,,,,,,,,,,,,,,,,,,,,,,,,,,,,,,,,,,,,,,,,,,,,,,,,,
180107,36,18,1980,0,2.97,-1.46,-0.08,-0.3,-0.09,0.45,2.87,-1.07,22.0,2.91,-1.08,15.25,3.51,-1.54,4.5,2.8,-0.92,6.5,2.87,-1.06,19.0,2.91,-1.08,15.25,2.8,-1.13,27.0,2.85,-1.14,28.75,2.89,-1.19,23.25,3.53,-1.34,14.25,3.47,-1.26,14.5,3.85,-1.18,8.75,,,,,,,,,,,,,,,,,,,,,,,,,,,,,,,,,,,,,,,,,,,,,,,,,,,,,,,,,,,,,,,,,,,,,,,,,,,,,,,,,,,,,,,,,,,,,,,,,,,,,,,,,,,,,,,,,,
180117,37,1,2016,0,2.83,-0.04,0.23,-0.58,0.28,-1.05,2.92,-1.33,11.5,2.68,-1.02,13.25,2.81,-1.27,12.75,2.6,-0.8,18.0,3.25,-1.12,6.25,2.41,-0.57,12.25,2.55,-0.63,16.25,2.26,-0.5,7.75,3.65,-0.67,8.25,3.77,-0.65,10.5,3.98,-0.65,7.0,2.88,-1.38,13.25,2.61,0.03,25.5,2.36,0.11,18.5,2.49,0.15,25.5,2.56,0.16,29.0,,,,,,,,,,,,,,,,,,,,,,,,,,,,,,,,,,,,,,,,,,,,,,,,,,,,,,,,,,,,,,,,,,,,,,,,,,,,,,,,,,,,,,,,,,,,,,,,,,,,,,
180117,37,2,2017,0,2.85,-0.29,0.22,-0.97,0.19,-1.29,2.7,-1.24,18.25,2.74,-1.36,18.25,2.86,-1.32,14.0,2.61,-0.98,15.25,3.13,-1.31,5.75,2.23,-0.73,7.75,2.33,-0.75,14.5,2.44,-0.81,14.75,3.69,-0.6,8.75,3.81,-0.42,12.0,3.99,-0.57,7.75,2.91,-1.34,11.5,2.84,-1.16,13.0,3.53,-0.66,9.0,2.61,0.01,25.5,2.49,0.16,25.5,2.56,0.13,29.0,,,,,,,,,,,,,,,,,,,,,,,,,,,,,,,,,,,,,,,,,,,,,,,,,,,,,,,,,,,,,,,,,,,,,,,,,,,,,,,,,,,,,,,,,,,,,,,,,,,
180117,37,3,2018,0,2.87,-0.56,0.19,-1.37,0.08,-1.51,2.74,-1.24,15.5,2.8,-1.45,10.25,2.57,-1.09,17.25,2.68,-1.15,19.25,2.23,-0.78,6.25,2.34,-0.78,13.75,2.45,-0.86,15.0,3.97,-0.67,12.25,3.75,-0.52,9.5,3.82,-0.58,15.0,2.87,-1.37,11.5,2.69,-1.04,20.25,3.55,-0.62,8.75,3.76,-0.44,19.75,3.79,-0.42,22.75,4.01,-0.43,17.5,2.56,0.17,29.25,2.61,0.1,25.5,,,,,,,,,,,,,,,,,,,,,,,,,,,,,,,,,,,,,,,,,,,,,,,,,,,,,,,,,,,,,,,,,,,,,,,,,,,,,,,,,,,,,,,,,,,,,,,,
180117,37,4,2019,0,2.85,-0.76,0.07,-1.59,-0.1,-1.54,2.81,-1.4,11.75,2.61,-1.0,21.0,2.7,-1.02,20.5,2.76,-1.2,17.5,2.38,-0.85,10.75,2.51,-0.93,16.0,3.63,-0.82,4.75,3.8,-0.78,8.5,3.93,-0.87,7.5,2.78,-1.14,14.5,2.71,-0.91,21.5,3.54,-0.67,8.5,3.77,-0.45,20.0,3.8,-0.42,23.0,4.0,-0.45,18.5,,,,,,,,,,,,,,,,,,,,,,,,,,,,,,,,,,,,,,,,,,,,,,,,,,,,,,,,,,,,,,,,,,,,,,,,,,,,,,,,,,,,,,,,,,,,,,,,,,,,,,,,,
180117,37,5,2020,0,2.82,-0.96,-0.04,-1.75,-0.27,-1.52,2.65,-1.27,18.0,2.46,-1.02,13.5,2.56,-1.11,15.25,2.76,-1.21,16.5,2.89,-1.25,7.25,2.4,-0.85,5.25,3.26,-1.12,5.0,3.45,-1.18,5.5,3.67,-1.12,4.5,3.87,-1.11,4.75,3.43,-1.01,7.75,2.68,-0.59,24.75,2.59,-0.39,22.75,3.77,-0.44,19.0,3.81,-0.39,22.75,4.01,-0.4,18.25,2.44,-0.11,20.0,,,,,,,,,,,,,,,,,,,,,,,,,,,,,,,,,,,,,,,,,,,,,,,,,,,,,,,,,,,,,,,,,,,,,,,,,,,,,,,,,,,,,,,,,,,,,,,,,,,
180117,37,6,2021,0,2.8,-1.09,-0.15,-1.75,-0.42,-1.34,2.58,-1.17,16.25,2.48,-1.1,10.0,2.69,-1.14,18.75,2.78,-1.12,16.25,2.92,-1.19,8.5,3.2,-1.23,4.25,3.48,-1.11,4.75,3.76,-0.69,4.25,3.38,-1.04,8.25,2.69,-0.72,24.25,2.58,-0.37,21.5,3.77,-0.46,19.5,3.81,-0.44,23.5,4.0,-0.48,19.0,2.42,-0.17,20.0,2.3,0.07,17.75,,,,,,,,,,,,,,,,,,,,,,,,,,,,,,,,,,,,,,,,,,,,,,,,,,,,,,,,,,,,,,,,,,,,,,,,,,,,,,,,,,,,,,,,,,,,,,,,,,,,,,
180117,37,7,2022,0,2.79,-1.17,-0.25,-1.63,-0.57,-1.04,2.44,-1.21,13.0,2.5,-1.25,18.5,2.69,-1.08,18.25,2.97,-1.12,9.75,2.83,-1.05,16.25,3.26,-1.07,6.75,3.66,-1.14,8.25,3.85,-1.17,5.5,3.55,-0.98,6.25,2.61,-1.1,24.75,2.78,-1.1,21.25,2.26,-0.68,8.5,2.37,-0.77,15.5,2.51,-0.9,19.0,3.35,-1.08,9.25,3.82,-0.43,23.5,4.0,-0.47,19.5,,,,,,,,,,,,,,,,,,,,,,,,,,,,,,,,,,,,,,,,,,,,,,,,,,,,,,,,,,,,,,,,,,,,,,,,,,,,,,,,,,,,,,,,,,,,,,,,,,,
180117,37,8,2023,0,2.72,-1.33,-0.42,-1.66,-0.75,-0.93,2.47,-1.38,15.0,2.47,-1.53,16.25,2.58,-1.52,13.25,2.76,-1.51,5.5,2.45,-1.2,8.0,2.62,-1.12,25.0,2.7,-1.11,27.5,2.77,-1.13,22.5,2.87,-1.25,12.75,2.24,-0.72,7.75,2.37,-0.79,14.75,2.52,-0.93,18.0,3.23,-1.15,8.5,3.79,-0.79,15.5,3.93,-0.87,14.25,,,,,,,,,,,,,,,,,,,,,,,,,,,,,,,,,,,,,,,,,,,,,,,,,,,,,,,,,,,,,,,,,,,,,,,,,,,,,,,,,,,,,,,,,,,,,,,,,,,,,,,,,
180117,37,9,2024,0,2.69,-1.45,-0.47,-1.65,-0.73,-0.83,2.61,-1.18,10.25,2.69,-1.15,13.5,2.79,-1.07,10.25,2.51,-0.98,18.5,2.64,-1.1,26.0,2.37,-0.79,14.75,3.22,-1.16,9.5,3.92,-0.93,12.0,,,,,,,,,,,,,,,,,,,,,,,,,,,,,,,,,,,,,,,,,,,,,,,,,,,,,,,,,,,,,,,,,,,,,,,,,,,,,,,,,,,,,,,,,,,,,,,,,,,,,,,,,,,,,,,,,,,,,,,,,,,,,,
180117,37,10,2025,0,2.66,-1.54,-0.5,-1.59,-0.7,-0.69,2.4,-1.13,4.0,2.53,-1.16,7.75,2.68,-1.06,7.75,2.66,-1.07,26.25,3.19,-1.19,9.0,,,,,,,,,,,,,,,,,,,,,,,,,,,,,,,,,,,,,,,,,,,,,,,,,,,,,,,,,,,,,,,,,,,,,,,,,,,,,,,,,,,,,,,,,,,,,,,,,,,,,,,,,,,,,,,,,,,,,,,,,,,,,,,,,,,,,,,
180117,37,11,2026,0,2.62,-1.64,-0.53,-1.56,-0.67,-0.59,2.55,-1.19,5.25,2.61,-1.26,6.25,3.22,-1.15,9.75,,,,,,,,,,,,,,,,,,,,,,,,,,,,,,,,,,,,,,,,,,,,,,,,,,,,,,,,,,,,,,,,,,,,,,,,,,,,,,,,,,,,,,,,,,,,,,,,,,,,,,,,,,,,,,,,,,,,,,,,,,,,,,,,,,,,,,,,,,,,,
180117,37,12,2027,0,2.61,-1.68,-0.52,-1.4,-0.62,-0.39,2.57,-1.17,5.25,2.63,-1.26,7.5,2.74,-1.26,4.25,,,,,,,,,,,,,,,,,,,,,,,,,,,,,,,,,,,,,,,,,,,,,,,,,,,,,,,,,,,,,,,,,,,,,,,,,,,,,,,,,,,,,,,,,,,,,,,,,,,,,,,,,,,,,,,,,,,,,,,,,,,,,,,,,,,,,,,,,,,,,
180117,37,13,2028,0,2.59,-1.74,-0.52,-1.31,-0.57,-0.29,2.55,-1.24,6.5,2.62,-1.24,8.5,3.24,-1.14,9.5,3.46,-1.27,11.25,3.61,-1.22,11.25,3.85,-1.2,8.25,,,,,,,,,,,,,,,,,,,,,,,,,,,,,,,,,,,,,,,,,,,,,,,,,,,,,,,,,,,,,,,,,,,,,,,,,,,,,,,,,,,,,,,,,,,,,,,,,,,,,,,,,,,,,,,,,,,,,,,,,,,,,,,,,,,,
180117,37,14,2029,0,2.54,-1.87,-0.58,-1.34,-0.57,-0.29,3.23,-1.16,9.75,3.46,-1.28,11.25,3.62,-1.23,11.75,3.83,-1.25,8.75,,,,,,,,,,,,,,,,,,,,,,,,,,,,,,,,,,,,,,,,,,,,,,,,,,,,,,,,,,,,,,,,,,,,,,,,,,,,,,,,,,,,,,,,,,,,,,,,,,,,,,,,,,,,,,,,,,,,,,,,,,,,,,,,,,,,,,,,,,
180117,37,15,2030,0,2.53,-1.92,-0.55,-1.24,-0.5,-0.18,2.64,-1.22,4.25,3.19,-1.22,7.5,3.45,-1.37,10.75,3.62,-1.26,11.5,3.85,-1.19,9.0,,,,,,,,,,,,,,,,,,,,,,,,,,,,,,,,,,,,,,,,,,,,,,,,,,,,,,,,,,,,,,,,,,,,,,,,,,,,,,,,,,,,,,,,,,,,,,,,,,,,,,,,,,,,,,,,,,,,,,,,,,,,,,,,,,,,,,,
180117,37,16,2031,0,2.6,-1.84,-0.39,-0.96,-0.34,0.03,2.56,-1.25,9.0,2.61,-1.31,11.25,2.7,-1.33,8.0,3.19,-1.23,8.5,3.48,-1.27,11.0,3.64,-1.19,11.75,3.87,-1.12,9.75,,,,,,,,,,,,,,,,,,,,,,,,,,,,,,,,,,,,,,,,,,,,,,,,,,,,,,,,,,,,,,,,,,,,,,,,,,,,,,,,,,,,,,,,,,,,,,,,,,,,,,,,,,,,,,,,,,,,,,,,,,,,,,,,,
180117,37,17,2032,0,2.69,-1.7,-0.2,-0.66,-0.15,0.24,2.47,-1.13,6.75,2.68,-1.26,5.5,2.59,-1.12,14.25,2.63,-1.08,14.25,3.16,-1.2,5.75,3.57,-1.14,9.0,3.67,-1.19,12.75,3.86,-1.16,10.0,,,,,,,,,,,,,,,,,,,,,,,,,,,,,,,,,,,,,,,,,,,,,,,,,,,,,,,,,,,,,,,,,,,,,,,,,,,,,,,,,,,,,,,,,,,,,,,,,,,,,,,,,,,,,,,,,,,,,,,,,,,,,,
180117,37,18,2033,0,2.78,-1.57,-0.03,-0.38,0.01,0.41,2.7,-1.07,20.25,2.72,-1.12,25.25,2.74,-1.16,22.5,2.81,-1.24,11.0,2.63,-0.9,8.0,3.15,-1.25,9.0,3.66,-1.18,12.75,3.84,-1.22,10.0,,,,,,,,,,,,,,,,,,,,,,,,,,,,,,,,,,,,,,,,,,,,,,,,,,,,,,,,,,,,,,,,,,,,,,,,,,,,,,,,,,,,,,,,,,,,,,,,,,,,,,,,,,,,,,,,,,,,,,,,,,,,,,
180117,37,19,2034,0,2.75,-1.56,-0.05,-0.27,-0.01,0.47,2.43,-1.33,14.25,2.52,-1.47,13.25,2.41,-1.21,10.25,2.76,-1.36,14.0,2.89,-1.31,10.5,3.78,-0.85,6.5,3.93,-0.88,5.5,2.82,-1.28,16.75,3.14,-1.23,8.25,,,,,,,,,,,,,,,,,,,,,,,,,,,,,,,,,,,,,,,,,,,,,,,,,,,,,,,,,,,,,,,,,,,,,,,,,,,,,,,,,,,,,,,,,,,,,,,,,,,,,,,,,,,,,,,,,,,,,,,,,,,
180128,38,1,2105,0,2.65,0.06,-0.02,-0.43,-0.1,-0.39,2.66,-1.0,17.25,2.98,-1.18,7.75,2.59,-0.88,19.0,2.81,-1.02,11.75,3.28,-1.09,5.0,2.29,-0.54,10.75,2.38,-0.55,16.75,2.5,-0.62,17.5,3.52,-0.99,5.5,3.8,-0.36,4.5,4.0,-0.49,13.25,3.89,-0.29,13.5,,,,,,,,,,,,,,,,,,,,,,,,,,,,,,,,,,,,,,,,,,,,,,,,,,,,,,,,,,,,,,,,,,,,,,,,,,,,,,,,,,,,,,,,,,,,,,,,,,,,,,,,,,,,,,,,,,
180128,38,2,2106,0,2.64,-0.12,-0.07,-0.7,-0.17,-0.59,2.84,-1.86,5.75,2.78,-1.64,10.75,2.79,-1.42,9.5,2.28,-0.55,8.25,2.64,-0.64,8.75,2.81,-0.82,8.75,2.36,-0.49,14.0,2.47,-0.36,11.25,3.76,-0.4,10.25,3.81,-0.46,13.75,3.99,-0.55,10.0,2.7,-1.24,16.25,2.85,-1.36,10.0,3.36,-1.01,6.75,2.32,-0.56,11.5,3.82,-0.41,16.5,3.99,-0.53,14.0,,,,,,,,,,,,,,,,,,,,,,,,,,,,,,,,,,,,,,,,,,,,,,,,,,,,,,,,,,,,,,,,,,,,,,,,,,,,,,,,,,,,,,,,,,,,,,,,,,,
180128,38,3,2107,0,2.63,-0.27,-0.09,-0.89,-0.17,-0.7,2.69,-1.33,10.5,2.74,-1.41,12.25,2.88,-1.38,8.0,2.28,-0.8,8.25,2.43,-0.67,6.75,3.81,-0.43,4.75,2.89,-1.34,9.25,3.4,-0.96,7.25,3.72,-0.56,14.0,3.82,-0.46,16.75,,,,,,,,,,,,,,,,,,,,,,,,,,,,,,,,,,,,,,,,,,,,,,,,,,,,,,,,,,,,,,,,,,,,,,,,,,,,,,,,,,,,,,,,,,,,,,,,,,,,,,,,,,,,,,,,,,,,,,,,
180128,38,4,2108,0,2.58,-0.39,-0.19,-1.0,-0.29,-0.73,2.43,-1.62,14.0,2.5,-1.66,11.0,2.37,-1.51,11.0,2.76,-1.55,4.5,2.44,-0.85,8.25,2.35,-0.55,6.75,2.22,-0.4,5.0,3.81,-0.67,4.5,2.85,-1.42,9.25,3.36,-1.05,8.0,2.31,-0.56,12.5,3.72,-0.55,13.75,,,,,,,,,,,,,,,,,,,,,,,,,,,,,,,,,,,,,,,,,,,,,,,,,,,,,,,,,,,,,,,,,,,,,,,,,,,,,,,,,,,,,,,,,,,,,,,,,,,,,,,,,,,,,,,,,,
180128,38,5,2109,0,2.52,-0.59,-0.3,-1.21,-0.4,-0.84,2.26,-1.06,18.5,3.1,-1.59,4.25,2.25,-0.97,18.5,2.65,-1.05,11.0,2.79,-1.09,5.25,2.51,-0.89,12.0,3.71,-0.94,4.25,2.14,-0.09,10.5,2.2,0.05,15.0,2.77,-1.55,8.75,3.34,-1.15,6.5,,,,,,,,,,,,,,,,,,,,,,,,,,,,,,,,,,,,,,,,,,,,,,,,,,,,,,,,,,,,,,,,,,,,,,,,,,,,,,,,,,,,,,,,,,,,,,,,,,,,,,,,,,,,,,,,,,,,,
180128,38,6,2110,0,2.51,-0.61,-0.31,-1.13,-0.36,-0.7,2.65,-1.25,14.25,2.75,-1.22,13.25,2.94,-1.22,4.75,2.54,-0.94,12.75,3.81,-0.49,5.75,2.42,-0.13,17.0,2.21,0.0,8.75,2.31,-0.05,21.25,2.33,-0.06,23.25,3.63,0.46,4.25,3.37,0.92,5.0,2.81,-1.47,8.75,2.74,-1.19,12.5,3.4,-1.06,7.75,2.4,-0.47,22.0,3.76,-0.46,17.0,2.29,-0.11,19.0,,,,,,,,,,,,,,,,,,,,,,,,,,,,,,,,,,,,,,,,,,,,,,,,,,,,,,,,,,,,,,,,,,,,,,,,,,,,,,,,,,,,,,,,,,,,,,,,,,,
180128,38,7,2111,0,2.48,-0.69,-0.35,-1.13,-0.38,-0.63,2.46,-1.85,11.75,2.57,-1.91,7.25,2.43,-1.54,9.5,3.35,-1.47,5.0,2.47,-0.42,24.0,2.55,-0.43,17.75,2.75,-0.46,8.5,2.43,-0.35,22.75,3.82,-0.41,4.5,2.35,-0.02,16.75,2.76,-1.31,12.5,2.83,-1.48,9.75,3.52,-0.78,7.5,3.76,-0.38,18.0,3.8,-0.39,20.5,4.0,-0.44,16.0,2.25,0.12,22.5,2.16,0.24,6.25,,,,,,,,,,,,,,,,,,,,,,,,,,,,,,,,,,,,,,,,,,,,,,,,,,,,,,,,,,,,,,,,,,,,,,,,,,,,,,,,,,,,,,,,,,,,,,,,
180128,38,8,2112,0,2.48,-0.81,-0.37,-1.17,-0.39,-0.6,2.51,-1.56,9.75,2.52,-0.77,7.5,3.29,-0.34,5.75,3.46,-0.43,6.75,2.34,0.16,20.5,2.2,0.29,20.25,2.24,0.28,30.5,2.26,0.26,29.75,3.46,1.09,6.5,2.7,-1.42,12.25,2.5,-1.0,15.75,3.44,-0.98,8.25,3.76,-0.38,16.5,3.81,-0.42,19.5,4.0,-0.48,15.5,2.38,-0.05,21.75,2.29,0.18,29.25,2.21,0.25,11.25,2.26,0.24,30.0,,,,,,,,,,,,,,,,,,,,,,,,,,,,,,,,,,,,,,,,,,,,,,,,,,,,,,,,,,,,,,,,,,,,,,,,,,,,,,,,,,,,,,,,,,,,,
180128,38,9,2113,0,2.47,-0.98,-0.39,-1.32,-0.39,-0.67,2.58,-1.56,12.5,2.66,-1.54,13.75,2.74,-1.65,10.0,2.75,-0.2,4.75,3.47,-0.28,5.75,3.65,-0.14,7.25,3.77,0.06,5.25,2.35,0.29,7.0,2.16,0.4,10.5,2.18,0.39,23.5,2.19,0.42,20.25,2.58,-1.41,11.5,2.68,-1.46,13.5,2.74,-1.65,10.5,2.49,-0.92,15.0,3.75,-0.37,18.25,3.78,-0.5,20.25,4.0,-0.51,15.25,2.4,-0.19,23.25,3.62,-0.01,9.5,2.29,0.2,29.25,2.2,0.29,11.0,2.24,0.27,30.5,,,,,,,,,,,,,,,,,,,,,,,,,,,,,,,,,,,,,,,,,,,,,,,,,,,,,,,,,,,,,,,,,,,,,,,,,,,,,,,,,
180128,38,10,2114,0,2.48,-1.04,-0.39,-1.23,-0.38,-0.52,2.74,-1.15,10.25,3.06,-0.6,9.5,3.24,-0.36,9.5,3.4,-0.15,6.75,2.29,0.22,27.0,2.33,0.15,28.75,2.38,0.1,22.75,2.53,0.1,8.5,2.21,0.3,14.75,3.57,0.48,4.25,2.58,-1.39,11.5,2.71,-1.4,12.75,2.9,-1.4,10.25,3.81,-0.38,18.0,2.4,-0.15,22.75,3.74,-0.18,15.75,4.01,-0.38,14.25,3.56,0.15,11.0,2.19,0.3,11.5,2.24,0.3,30.75,2.28,0.25,29.5,,,,,,,,,,,,,,,,,,,,,,,,,,,,,,,,,,,,,,,,,,,,,,,,,,,,,,,,,,,,,,,,,,,,,,,,,,,,,,,,,,,,,,,
180128,38,11,2115,0,2.44,-1.17,-0.43,-1.28,-0.38,-0.52,2.46,-0.14,17.0,2.49,-0.14,18.25,2.61,-0.17,11.25,2.27,0.44,10.0,3.23,1.4,5.0,3.35,1.38,5.25,2.87,-1.46,10.25,2.54,-0.53,13.5,2.41,-0.09,24.75,3.81,-0.34,17.0,4.01,-0.36,13.75,3.73,-0.08,15.25,2.31,0.17,30.25,3.54,0.21,10.75,2.19,0.3,11.25,2.25,0.29,30.75,,,,,,,,,,,,,,,,,,,,,,,,,,,,,,,,,,,,,,,,,,,,,,,,,,,,,,,,,,,,,,,,,,,,,,,,,,,,,,,,,,,,,,,,,,,,,,,,,,,,,,
180128,38,12,2116,0,2.39,-1.3,-0.51,-1.31,-0.45,-0.48,2.55,-1.75,8.5,2.51,-1.6,9.0,3.85,-0.22,4.25,2.43,0.17,15.25,2.6,0.24,6.5,2.29,0.37,15.75,2.36,0.29,18.5,2.15,0.45,4.0,3.19,0.55,4.75,2.6,-1.37,10.5,2.74,-1.36,12.5,3.06,-1.0,9.0,4.0,-0.44,14.0,2.42,-0.08,25.25,3.83,-0.27,16.75,3.73,0.04,15.0,2.32,0.12,29.75,2.19,0.3,11.5,2.24,0.3,30.75,3.52,0.34,11.0,,,,,,,,,,,,,,,,,,,,,,,,,,,,,,,,,,,,,,,,,,,,,,,,,,,,,,,,,,,,,,,,,,,,,,,,,,,,,,,,,,,,,,,,,,
180128,38,13,2117,0,2.39,-1.38,-0.47,-1.28,-0.38,-0.42,3.41,-0.74,5.25,2.3,-0.13,8.25,2.36,-0.09,11.25,2.43,-0.12,7.0,3.62,-0.33,4.0,2.72,-1.37,14.25,3.03,-1.0,9.25,4.01,-0.41,14.0,2.42,-0.08,25.25,3.83,-0.26,16.5,3.73,0.04,14.5,2.32,0.13,30.0,3.52,0.28,10.5,2.19,0.31,11.0,2.25,0.3,30.5,,,,,,,,,,,,,,,,,,,,,,,,,,,,,,,,,,,,,,,,,,,,,,,,,,,,,,,,,,,,,,,,,,,,,,,,,,,,,,,,,,,,,,,,,,,,,,,,,,,,,,,,,
180128,38,14,2118,0,2.38,-1.44,-0.44,-1.22,-0.32,-0.34,2.8,-0.73,4.25,2.58,-0.03,5.0,2.21,0.27,11.0,2.29,0.27,21.25,2.31,0.26,22.75,2.37,0.23,15.75,2.61,-1.4,13.0,2.69,-1.41,14.75,4.01,-0.4,10.75,3.8,-0.25,16.0,2.4,-0.04,25.0,3.73,0.08,14.75,2.31,0.19,31.0,3.53,0.23,10.25,2.2,0.31,12.0,2.26,0.28,31.25,,,,,,,,,,,,,,,,,,,,,,,,,,,,,,,,,,,,,,,,,,,,,,,,,,,,,,,,,,,,,,,,,,,,,,,,,,,,,,,,,,,,,,,,,,,,,,,,,,,,,,
180128,38,15,2119,0,2.39,-1.45,-0.42,-1.06,-0.31,-0.17,2.81,-1.38,9.75,2.64,-1.18,8.75,3.91,-0.95,4.25,2.55,-0.31,14.5,2.46,-0.16,22.75,2.44,-0.07,23.5,2.37,0.13,16.5,3.2,1.6,5.5,3.0,1.71,8.75,2.71,1.97,8.25,2.58,-0.27,15.5,3.47,-0.53,10.25,3.8,-0.24,16.75,4.02,-0.31,11.75,2.41,-0.03,26.25,3.73,-0.08,15.25,2.32,0.19,31.75,2.21,0.29,11.5,2.27,0.27,31.75,,,,,,,,,,,,,,,,,,,,,,,,,,,,,,,,,,,,,,,,,,,,,,,,,,,,,,,,,,,,,,,,,,,,,,,,,,,,,,,,,,,,,,,,,,,,,
180128,38,16,2120,0,2.47,-1.35,-0.29,-0.77,-0.2,0.07,2.57,-1.3,7.75,2.7,-1.44,7.75,2.98,-1.41,4.25,2.54,-0.64,11.75,2.45,-0.44,18.25,2.41,-0.22,18.5,4.01,-0.35,7.25,3.8,-0.05,11.25,2.27,0.15,14.75,3.7,0.16,10.75,2.11,0.32,5.0,3.46,0.8,7.75,2.63,-1.31,14.75,2.79,-1.26,11.25,2.56,-0.38,16.0,4.01,-0.42,15.75,2.44,-0.13,25.5,3.82,-0.34,19.5,2.38,0.05,28.25,3.53,-0.1,10.75,3.75,-0.12,16.5,,,,,,,,,,,,,,,,,,,,,,,,,,,,,,,,,,,,,,,,,,,,,,,,,,,,,,,,,,,,,,,,,,,,,,,,,,,,,,,,,,,,,,,
180128,38,17,2121,0,2.59,-1.09,-0.12,-0.27,-0.12,0.46,2.63,-1.02,13.5,2.89,-0.98,12.5,3.07,-0.96,10.0,3.25,-1.11,6.0,2.4,-0.56,21.5,2.48,-0.59,23.5,2.53,-0.74,19.5,2.28,-0.37,15.75,3.61,-0.73,7.25,3.79,-0.42,8.25,3.99,-0.53,4.0,2.12,-0.01,7.25,3.42,0.6,4.75,2.45,-0.2,25.5,3.76,-0.14,17.5,3.82,-0.23,20.75,4.01,-0.34,16.25,2.31,0.22,26.0,2.64,1.98,7.5,,,,,,,,,,,,,,,,,,,,,,,,,,,,,,,,,,,,,,,,,,,,,,,,,,,,,,,,,,,,,,,,,,,,,,,,,,,,,,,,,,,,,,,,,,,,,
180148,39,1,2169,0,2.49,-0.06,0.01,-0.35,0.03,-0.85,2.48,-0.98,18.0,2.62,-1.1,13.5,2.78,-1.14,9.25,2.97,-1.29,5.75,3.33,-1.19,5.5,2.4,-0.59,20.0,2.45,-0.66,21.5,2.3,-0.42,13.0,4.03,-0.16,6.75,3.75,-0.1,13.0,3.78,-0.04,14.25,2.54,-0.55,15.25,2.36,0.07,31.25,2.22,0.18,8.25,2.32,0.1,28.75,,,,,,,,,,,,,,,,,,,,,,,,,,,,,,,,,,,,,,,,,,,,,,,,,,,,,,,,,,,,,,,,,,,,,,,,,,,,,,,,,,,,,,,,,,,,,,,,,,,,,,,,,
180148,39,2,2170,0,2.55,-0.32,0.16,-0.8,0.22,-1.17,2.36,-1.21,16.75,2.55,-1.36,11.5,2.78,-1.29,13.25,2.88,-1.37,8.5,2.22,-0.73,19.0,2.27,-0.74,23.0,2.34,-0.82,20.75,3.33,-1.01,5.0,3.55,-1.02,8.25,3.74,-0.74,7.75,3.99,-0.57,5.5,2.85,-1.5,10.0,2.57,-0.73,16.0,2.44,-0.16,23.25,2.36,0.06,26.5,2.29,0.14,24.75,,,,,,,,,,,,,,,,,,,,,,,,,,,,,,,,,,,,,,,,,,,,,,,,,,,,,,,,,,,,,,,,,,,,,,,,,,,,,,,,,,,,,,,,,,,,,,,,,,,,,,
180148,39,3,2171,0,2.57,-0.6,0.16,-1.25,0.17,-1.45,2.58,-1.22,18.75,2.71,-1.31,17.0,2.19,-0.89,10.75,2.33,-0.94,17.25,2.86,-1.28,8.75,2.5,-0.79,22.5,2.57,-0.82,23.0,3.63,-0.73,6.5,3.76,-0.56,7.0,2.88,-1.41,9.75,3.78,-0.21,18.25,2.29,0.16,24.0,3.6,0.21,8.5,,,,,,,,,,,,,,,,,,,,,,,,,,,,,,,,,,,,,,,,,,,,,,,,,,,,,,,,,,,,,,,,,,,,,,,,,,,,,,,,,,,,,,,,,,,,,,,,,,,,,,,,,,,,,,,
180148,39,4,2172,0,2.56,-0.79,0.08,-1.46,0.01,-1.49,2.67,-1.26,13.5,2.83,-1.42,7.25,2.23,-0.84,9.75,2.53,-1.0,24.75,2.59,-1.09,21.0,2.37,-0.86,18.0,2.47,-0.92,23.0,3.3,-1.09,4.5,3.59,-0.96,5.75,3.75,-0.9,8.75,3.9,-1.0,7.0,2.67,-1.41,15.25,2.94,-1.24,10.5,3.4,-1.04,9.75,3.76,-0.39,18.0,3.82,-0.28,21.25,4.02,-0.31,16.5,2.3,0.12,23.25,,,,,,,,,,,,,,,,,,,,,,,,,,,,,,,,,,,,,,,,,,,,,,,,,,,,,,,,,,,,,,,,,,,,,,,,,,,,,,,,,,,,,,,,,,,,,,,,
180148,39,5,2173,0,2.55,-0.94,0.01,-1.57,-0.1,-1.42,2.81,-1.33,6.75,2.33,-0.93,14.5,2.47,-1.01,18.5,2.59,-1.06,23.5,2.65,-1.08,23.5,2.7,-1.17,17.5,2.25,-0.74,5.75,2.73,-1.32,13.75,2.46,-0.77,24.25,2.35,-0.68,22.75,3.42,-1.01,10.5,4.0,-0.46,17.5,3.77,-0.35,18.5,3.81,-0.34,21.75,,,,,,,,,,,,,,,,,,,,,,,,,,,,,,,,,,,,,,,,,,,,,,,,,,,,,,,,,,,,,,,,,,,,,,,,,,,,,,,,,,,,,,,,,,,,,,,,,,,,,,,,,,,,
180148,39,6,2174,0,2.55,-1.07,-0.06,-1.6,-0.23,-1.28,2.5,-1.17,21.0,2.59,-1.2,19.25,2.69,-1.23,14.0,2.36,-0.93,11.75,2.44,-1.06,18.0,2.88,-1.29,4.0,3.47,-1.31,8.25,3.38,-1.03,5.0,3.64,-1.18,9.0,3.96,-0.75,7.0,2.51,-0.99,25.0,2.33,-0.8,21.75,2.47,-0.83,24.75,2.25,-0.55,17.75,3.43,-0.94,10.25,3.74,-0.48,17.25,3.82,-0.4,20.75,3.99,-0.53,17.0,,,,,,,,,,,,,,,,,,,,,,,,,,,,,,,,,,,,,,,,,,,,,,,,,,,,,,,,,,,,,,,,,,,,,,,,,,,,,,,,,,,,,,,,,,,,,,,,
180148,39,7,2175,0,2.55,-1.15,-0.12,-1.53,-0.33,-1.06,2.3,-1.06,5.75,2.46,-1.04,13.75,2.57,-1.0,15.5,2.7,-1.01,15.0,2.8,-1.05,11.5,2.5,-1.01,25.0,2.22,-0.71,17.75,2.32,-0.82,22.0,2.45,-0.86,24.75,3.44,-0.94,9.5,3.99,-0.55,17.5,3.78,-0.31,17.75,3.82,-0.34,21.5,,,,,,,,,,,,,,,,,,,,,,,,,,,,,,,,,,,,,,,,,,,,,,,,,,,,,,,,,,,,,,,,,,,,,,,,,,,,,,,,,,,,,,,,,,,,,,,,,,,,,,,,,,,,,,,
180148,39,8,2176,0,2.57,-1.22,-0.16,-1.39,-0.42,-0.77,2.44,-1.22,8.5,2.61,-1.15,16.25,2.67,-1.11,18.5,2.74,-1.1,13.25,3.47,-1.46,4.25,3.34,-1.13,5.25,3.44,-1.18,6.75,2.51,-1.03,26.0,2.32,-0.83,21.5,4.0,-0.49,17.25,3.83,-0.37,20.75,,,,,,,,,,,,,,,,,,,,,,,,,,,,,,,,,,,,,,,,,,,,,,,,,,,,,,,,,,,,,,,,,,,,,,,,,,,,,,,,,,,,,,,,,,,,,,,,,,,,,,,,,,,,,,,,,,,,,
180148,39,9,2177,0,2.56,-1.27,-0.22,-1.26,-0.51,-0.53,2.48,-1.15,7.75,2.68,-1.22,18.0,2.71,-1.01,17.25,2.7,-1.14,22.25,3.5,-1.04,5.0,3.37,-1.03,7.5,3.85,-1.18,12.0,3.55,-1.06,12.25,3.72,-0.94,12.25,,,,,,,,,,,,,,,,,,,,,,,,,,,,,,,,,,,,,,,,,,,,,,,,,,,,,,,,,,,,,,,,,,,,,,,,,,,,,,,,,,,,,,,,,,,,,,,,,,,,,,,,,,,,,,,,,,,,,,,,,,,
180148,39,10,2178,0,2.57,-1.33,-0.23,-1.17,-0.48,-0.4,2.55,-1.02,13.5,2.61,-1.04,20.75,2.64,-1.04,19.75,2.75,-0.99,11.0,3.83,-1.24,11.5,,,,,,,,,,,,,,,,,,,,,,,,,,,,,,,,,,,,,,,,,,,,,,,,,,,,,,,,,,,,,,,,,,,,,,,,,,,,,,,,,,,,,,,,,,,,,,,,,,,,,,,,,,,,,,,,,,,,,,,,,,,,,,,,,,,,,,,
180148,39,11,2179,0,2.57,-1.37,-0.22,-1.07,-0.45,-0.27,2.64,-1.01,4.75,2.71,-1.09,7.5,2.84,-1.04,4.25,2.52,-1.02,21.5,2.69,-1.14,20.25,3.4,-1.03,7.5,3.52,-1.13,11.5,,,,,,,,,,,,,,,,,,,,,,,,,,,,,,,,,,,,,,,,,,,,,,,,,,,,,,,,,,,,,,,,,,,,,,,,,,,,,,,,,,,,,,,,,,,,,,,,,,,,,,,,,,,,,,,,,,,,,,,,,,,,,,,,,
180148,39,12,2180,0,2.54,-1.47,-0.29,-1.07,-0.49,-0.22,2.53,-1.45,5.0,2.63,-1.15,30.0,3.83,-1.25,5.75,,,,,,,,,,,,,,,,,,,,,,,,,,,,,,,,,,,,,,,,,,,,,,,,,,,,,,,,,,,,,,,,,,,,,,,,,,,,,,,,,,,,,,,,,,,,,,,,,,,,,,,,,,,,,,,,,,,,,,,,,,,,,,,,,,,,,,,,,,,,,
180148,39,13,2181,0,2.55,-1.5,-0.27,-0.97,-0.43,-0.12,2.55,-1.07,6.5,2.64,-1.09,4.5,2.78,-1.31,7.5,2.4,-0.99,9.0,2.61,-1.1,29.5,2.63,-1.13,30.25,2.67,-1.17,23.25,3.86,-1.16,4.5,,,,,,,,,,,,,,,,,,,,,,,,,,,,,,,,,,,,,,,,,,,,,,,,,,,,,,,,,,,,,,,,,,,,,,,,,,,,,,,,,,,,,,,,,,,,,,,,,,,,,,,,,,,,,,,,,,,,,,,,,,,,,,
180148,39,14,2182,0,2.52,-1.6,-0.32,-0.98,-0.43,-0.12,2.35,-1.13,6.25,2.61,-1.11,28.75,2.63,-1.13,29.75,2.67,-1.17,23.0,3.87,-1.12,4.75,,,,,,,,,,,,,,,,,,,,,,,,,,,,,,,,,,,,,,,,,,,,,,,,,,,,,,,,,,,,,,,,,,,,,,,,,,,,,,,,,,,,,,,,,,,,,,,,,,,,,,,,,,,,,,,,,,,,,,,,,,,,,,,,,,,,,,,
180148,39,15,2183,0,2.48,-1.7,-0.36,-0.99,-0.43,-0.12,2.37,-1.11,5.25,2.62,-1.11,28.75,2.64,-1.13,29.75,2.67,-1.17,23.0,3.87,-1.13,5.75,,,,,,,,,,,,,,,,,,,,,,,,,,,,,,,,,,,,,,,,,,,,,,,,,,,,,,,,,,,,,,,,,,,,,,,,,,,,,,,,,,,,,,,,,,,,,,,,,,,,,,,,,,,,,,,,,,,,,,,,,,,,,,,,,,,,,,,
180148,39,16,2184,0,2.45,-1.8,-0.4,-1.0,-0.43,-0.12,2.62,-1.09,28.25,2.64,-1.12,29.25,2.67,-1.18,22.5,3.63,-1.14,9.25,3.85,-1.2,6.25,3.39,-0.92,6.25,,,,,,,,,,,,,,,,,,,,,,,,,,,,,,,,,,,,,,,,,,,,,,,,,,,,,,,,,,,,,,,,,,,,,,,,,,,,,,,,,,,,,,,,,,,,,,,,,,,,,,,,,,,,,,,,,,,,,,,,,,,,,,,,,,,,
180148,39,17,2185,0,2.4,-1.9,-0.45,-1.02,-0.43,-0.12,2.35,-1.12,4.5,2.66,-1.21,22.75,2.78,-1.33,7.0,2.56,-1.06,18.75,2.62,-1.1,27.25,2.64,-1.14,28.5,3.36,-1.0,5.25,3.52,-1.15,9.0,3.65,-1.13,9.25,3.85,-1.2,6.75,,,,,,,,,,,,,,,,,,,,,,,,,,,,,,,,,,,,,,,,,,,,,,,,,,,,,,,,,,,,,,,,,,,,,,,,,,,,,,,,,,,,,,,,,,,,,,,,,,,,,,,,,,,,,,,,,,,,,,,,
180148,39,18,2186,0,2.36,-2.0,-0.49,-1.03,-0.43,-0.12,2.52,-1.15,17.0,2.67,-1.21,23.0,2.75,-1.37,8.5,2.37,-1.03,4.0,2.62,-1.15,25.75,2.64,-1.18,28.0,3.36,-0.94,5.5,3.54,-1.01,7.25,3.89,-1.06,4.75,,,,,,,,,,,,,,,,,,,,,,,,,,,,,,,,,,,,,,,,,,,,,,,,,,,,,,,,,,,,,,,,,,,,,,,,,,,,,,,,,,,,,,,,,,,,,,,,,,,,,,,,,,,,,,,,,,,,,,,,,,,
180148,39,19,2187,0,2.31,-2.11,-0.53,-1.04,-0.43,-0.12,2.7,-1.05,5.75,2.67,-0.85,4.75,2.35,-1.1,4.0,2.51,-1.18,17.75,2.58,-1.21,27.25,2.61,-1.23,28.75,2.66,-1.24,23.0,2.76,-1.34,8.5,3.29,-1.02,4.25,3.56,-0.98,5.75,3.89,-1.04,6.0,,,,,,,,,,,,,,,,,,,,,,,,,,,,,,,,,,,,,,,,,,,,,,,,,,,,,,,,,,,,,,,,,,,,,,,,,,,,,,,,,,,,,,,,,,,,,,,,,,,,,,,,,,,,,,,,,,,,,
180148,39,20,2188,0,2.25,-2.21,-0.58,-1.05,0.0,0.0,2.34,-1.07,4.25,2.46,-1.21,16.0,2.56,-1.19,22.75,2.62,-1.19,23.75,2.66,-1.26,18.25,2.8,-1.34,6.75,3.58,-0.91,5.5,3.88,-1.07,4.5,,,,,,,,,,,,,,,,,,,,,,,,,,,,,,,,,,,,,,,,,,,,,,,,,,,,,,,,,,,,,,,,,,,,,,,,,,,,,,,,,,,,,,,,,,,,,,,,,,,,,,,,,,,,,,,,,,,,,,,,,,,,,,
180148,39,21,2189,0,2.19,-2.32,-0.58,-1.05,0.0,0.0,2.68,-1.18,4.0,2.3,-1.15,4.0,2.46,-1.23,15.5,2.57,-1.26,23.5,2.61,-1.28,26.5,2.65,-1.3,22.25,2.73,-1.43,9.5,3.64,-1.16,4.75,3.53,-1.03,5.25,,,,,,,,,,,,,,,,,,,,,,,,,,,,,,,,,,,,,,,,,,,,,,,,,,,,,,,,,,,,,,,,,,,,,,,,,,,,,,,,,,,,,,,,,,,,,,,,,,,,,,,,,,,,,,,,,,,,,,,,,,,
180148,39,22,2190,0,2.14,-2.42,-0.58,-1.05,0.0,0.0,2.24,-1.23,5.25,2.74,-1.06,4.5,2.49,-1.17,13.0,2.61,-1.19,21.75,2.64,-1.24,25.0,2.66,-1.27,20.25,2.84,-1.26,7.75,3.33,-1.06,5.25,,,,,,,,,,,,,,,,,,,,,,,,,,,,,,,,,,,,,,,,,,,,,,,,,,,,,,,,,,,,,,,,,,,,,,,,,,,,,,,,,,,,,,,,,,,,,,,,,,,,,,,,,,,,,,,,,,,,,,,,,,,,,,
180148,39,23,2191,0,2.35,-2.38,-0.27,-0.91,0.18,0.09,2.92,-2.48,4.0,2.54,-1.1,13.75,2.66,-1.08,24.5,2.66,-1.11,27.0,2.67,-1.19,20.75,2.81,-1.25,5.5,2.8,-1.34,7.75,2.56,-1.04,15.75,2.64,-1.08,25.0,2.65,-1.13,26.5,2.67,-1.21,20.5,3.28,-1.2,5.75,3.51,-1.18,8.0,3.61,-1.24,9.0,3.81,-1.3,5.5,,,,,,,,,,,,,,,,,,,,,,,,,,,,,,,,,,,,,,,,,,,,,,,,,,,,,,,,,,,,,,,,,,,,,,,,,,,,,,,,,,,,,,,,,,,,,,,,,,,,,,,,,
180148,39,24,2192,0,2.32,-2.47,-0.26,-0.9,0.0,0.0,2.43,-1.11,14.0,2.49,-1.15,16.75,2.34,-0.99,6.25,2.63,-1.12,14.5,2.79,-1.09,10.25,2.93,-1.26,5.0,2.32,-1.11,5.0,2.67,-1.21,21.75,2.78,-1.37,8.25,2.55,-1.08,15.0,2.65,-1.09,25.25,2.66,-1.14,27.25,3.29,-1.12,6.0,3.5,-1.16,8.0,3.58,-1.31,8.75,3.8,-1.32,5.5,,,,,,,,,,,,,,,,,,,,,,,,,,,,,,,,,,,,,,,,,,,,,,,,,,,,,,,,,,,,,,,,,,,,,,,,,,,,,,,,,,,,,,,,,,,,,,,,,,,,,,
180148,39,25,2193,0,2.3,-2.56,-0.26,-0.9,0.0,0.0,2.42,-1.18,19.0,2.63,-1.27,19.75,2.74,-1.26,18.5,2.35,-0.92,23.0,2.85,-1.28,11.5,2.25,-0.84,12.5,2.32,-0.86,22.0,2.8,-1.36,8.25,2.48,-0.95,19.75,2.6,-1.08,24.5,2.66,-1.15,26.5,2.68,-1.21,20.25,3.77,-1.43,5.0,3.47,-1.22,8.5,3.6,-1.24,8.0,,,,,,,,,,,,,,,,,,,,,,,,,,,,,,,,,,,,,,,,,,,,,,,,,,,,,,,,,,,,,,,,,,,,,,,,,,,,,,,,,,,,,,,,,,,,,,,,,,,,,,,,,
180148,39,26,2194,0,2.27,-2.65,-0.26,-0.9,0.0,0.0,2.59,-1.21,12.75,2.74,-1.32,12.25,2.45,-0.92,17.0,2.49,-1.02,17.25,2.9,-1.26,6.25,2.39,-0.82,11.75,3.71,-1.17,4.25,3.88,-1.09,5.25,2.68,-1.22,19.25,2.8,-1.35,8.75,2.45,-0.93,22.75,2.58,-1.06,24.5,2.65,-1.14,26.25,3.62,-1.28,10.5,,,,,,,,,,,,,,,,,,,,,,,,,,,,,,,,,,,,,,,,,,,,,,,,,,,,,,,,,,,,,,,,,,,,,,,,,,,,,,,,,,,,,,,,,,,,,,,,,,,,,,,,,,,,
180148,39,27,2195,0,2.25,-2.74,-0.26,-0.9,0.0,0.0,2.49,-1.14,16.25,2.62,-1.34,17.5,2.71,-1.39,18.5,2.81,-1.39,12.25,2.4,-0.97,17.75,2.37,-0.78,13.75,2.27,-0.62,6.75,3.68,-1.0,4.5,2.67,-1.25,19.25,2.75,-1.46,9.5,2.44,-0.92,22.5,2.59,-1.04,24.5,2.65,-1.16,26.5,3.63,-1.3,9.75,,,,,,,,,,,,,,,,,,,,,,,,,,,,,,,,,,,,,,,,,,,,,,,,,,,,,,,,,,,,,,,,,,,,,,,,,,,,,,,,,,,,,,,,,,,,,,,,,,,,,,,,,,,,
180148,39,28,2196,0,2.22,-2.83,-0.26,-0.9,0.0,0.0,2.7,-1.36,11.5,2.83,-1.51,8.25,2.34,-0.95,16.25,2.4,-0.91,20.25,2.48,-1.0,17.0,2.63,-1.11,14.75,3.24,-1.26,4.75,2.27,-0.78,4.75,3.6,-0.84,8.5,3.77,-0.46,8.5,4.03,-0.16,4.75,2.76,-1.46,9.5,2.56,-1.09,24.5,2.64,-1.17,26.5,3.26,-1.19,7.75,3.48,-1.19,9.75,,,,,,,,,,,,,,,,,,,,,,,,,,,,,,,,,,,,,,,,,,,,,,,,,,,,,,,,,,,,,,,,,,,,,,,,,,,,,,,,,,,,,,,,,,,,,,,,,,,,,,
180148,39,29,2197,0,2.19,-2.92,-0.26,-0.9,0.0,0.0,2.84,-1.5,5.75,2.72,-1.2,10.0,2.51,-0.75,18.75,2.6,-0.8,19.75,2.68,-0.88,16.5,3.31,-1.18,4.0,3.54,-1.13,8.0,3.64,-1.09,8.75,2.27,-0.64,8.25,2.39,-0.71,15.0,3.89,-1.06,4.75,2.8,-1.44,9.25,2.56,-1.04,24.25,2.64,-1.12,25.0,2.44,-0.88,23.5,3.29,-1.11,6.5,3.56,-0.98,9.25,,,,,,,,,,,,,,,,,,,,,,,,,,,,,,,,,,,,,,,,,,,,,,,,,,,,,,,,,,,,,,,,,,,,,,,,,,,,,,,,,,,,,,,,,,,,,,,,,,,
180219,40,1,2326,0,2.58,-0.06,0.17,-0.32,0.18,-0.3,3.0,-1.14,7.25,3.15,-1.36,4.0,2.87,-1.01,10.25,2.43,-0.63,19.25,2.48,-0.66,23.5,2.55,-0.65,20.0,2.72,-0.66,12.25,3.83,-0.47,4.75,3.98,-0.59,4.5,2.3,-0.12,12.75,2.14,-0.07,4.75,2.75,-1.28,12.0,2.92,-1.5,8.75,2.7,-1.02,15.75,3.83,-0.45,18.75,4.0,-0.47,15.25,,,,,,,,,,,,,,,,,,,,,,,,,,,,,,,,,,,,,,,,,,,,,,,,,,,,,,,,,,,,,,,,,,,,,,,,,,,,,,,,,,,,,,,,,,,,,,,,,,,,,,
180219,40,2,2327,0,2.63,-0.31,0.25,-0.72,0.26,-0.62,2.74,-1.26,13.0,2.85,-1.49,7.5,2.55,-0.95,16.5,2.66,-1.12,14.5,2.44,-0.82,17.5,3.38,-1.07,8.5,2.25,-0.45,13.0,2.36,-0.53,15.25,3.61,-0.81,11.75,3.77,-0.44,12.0,4.01,-0.36,7.0,2.77,-1.24,11.75,3.73,-0.5,16.25,3.82,-0.37,19.75,4.01,-0.41,15.75,,,,,,,,,,,,,,,,,,,,,,,,,,,,,,,,,,,,,,,,,,,,,,,,,,,,,,,,,,,,,,,,,,,,,,,,,,,,,,,,,,,,,,,,,,,,,,,,,,,,,,,,,
180219,40,3,2328,0,2.66,-0.58,0.24,-1.12,0.16,-0.91,2.57,-1.31,16.0,2.71,-1.31,12.0,2.54,-1.13,16.0,2.98,-1.24,6.75,2.21,-0.77,9.25,2.28,-0.8,14.25,3.35,-1.0,6.75,2.51,-0.59,13.0,3.58,-0.82,8.0,3.77,-0.58,7.5,3.98,-0.61,4.75,2.96,-1.42,9.0,,,,,,,,,,,,,,,,,,,,,,,,,,,,,,,,,,,,,,,,,,,,,,,,,,,,,,,,,,,,,,,,,,,,,,,,,,,,,,,,,,,,,,,,,,,,,,,,,,,,,,,,,,,,,,,,,,
180219,40,4,2329,0,2.66,-0.74,0.16,-1.25,0.0,-0.91,2.78,-1.26,10.75,2.68,-1.11,12.75,2.91,-1.29,7.25,2.22,-0.76,8.0,2.29,-0.83,13.75,2.41,-0.87,13.0,2.57,-0.93,13.75,3.72,-0.61,8.0,3.77,-0.77,11.75,3.94,-0.84,8.5,3.5,-0.91,9.5,3.75,-0.53,19.25,2.4,0.28,24.0,,,,,,,,,,,,,,,,,,,,,,,,,,,,,,,,,,,,,,,,,,,,,,,,,,,,,,,,,,,,,,,,,,,,,,,,,,,,,,,,,,,,,,,,,,,,,,,,,,,,,,,,,,,,,,,
180219,40,5,2330,0,2.64,-0.89,0.05,-1.34,-0.19,-0.88,2.9,-1.31,9.5,2.21,-0.85,8.0,2.32,-0.92,15.5,2.47,-1.01,18.75,2.57,-1.04,24.5,2.6,-1.06,22.0,2.72,-1.16,12.0,2.9,-1.31,9.25,3.5,-1.19,5.25,3.85,-1.17,5.5,3.71,-1.02,5.75,3.46,-1.02,9.0,3.76,-0.48,19.0,3.8,-0.42,22.0,4.01,-0.4,17.0,,,,,,,,,,,,,,,,,,,,,,,,,,,,,,,,,,,,,,,,,,,,,,,,,,,,,,,,,,,,,,,,,,,,,,,,,,,,,,,,,,,,,,,,,,,,,,,,,,,,,,,,,
180219,40,6,2331,0,2.63,-1.01,-0.05,-1.36,-0.33,-0.77,2.77,-1.26,8.5,2.31,-1.01,8.0,2.41,-0.99,12.5,2.48,-1.1,12.5,2.64,-1.13,10.5,3.02,-1.21,5.25,3.4,-1.32,5.25,3.3,-1.1,5.0,2.6,-1.14,17.5,3.5,-0.89,10.25,2.34,-0.29,13.0,3.77,-0.44,19.5,3.81,-0.42,23.0,4.0,-0.45,18.5,,,,,,,,,,,,,,,,,,,,,,,,,,,,,,,,,,,,,,,,,,,,,,,,,,,,,,,,,,,,,,,,,,,,,,,,,,,,,,,,,,,,,,,,,,,,,,,,,,,,,,,,,,,,
180219,40,7,2332,0,2.61,-1.14,-0.11,-1.4,-0.38,-0.73,2.44,-1.12,17.0,2.36,-1.03,6.75,2.52,-1.11,19.5,2.6,-1.16,17.5,2.7,-1.21,12.75,2.61,-1.17,21.5,2.28,-0.55,11.5,2.46,-0.4,17.75,3.76,-0.52,17.5,3.81,-0.45,21.25,4.0,-0.49,17.25,,,,,,,,,,,,,,,,,,,,,,,,,,,,,,,,,,,,,,,,,,,,,,,,,,,,,,,,,,,,,,,,,,,,,,,,,,,,,,,,,,,,,,,,,,,,,,,,,,,,,,,,,,,,,,,,,,,,,
180219,40,8,2333,0,2.59,-1.2,-0.21,-1.27,-0.52,-0.49,2.79,-1.36,4.0,2.57,-1.01,7.0,2.64,-1.15,19.0,2.64,-1.18,21.25,2.69,-1.2,15.25,2.6,-1.04,22.5,2.64,-1.17,22.75,2.73,-1.19,16.0,2.25,-0.64,10.0,3.78,-0.45,18.75,3.81,-0.42,22.75,4.0,-0.45,18.0,,,,,,,,,,,,,,,,,,,,,,,,,,,,,,,,,,,,,,,,,,,,,,,,,,,,,,,,,,,,,,,,,,,,,,,,,,,,,,,,,,,,,,,,,,,,,,,,,,,,,,,,,,,,,,,,,,
180219,40,9,2334,0,2.58,-1.29,-0.27,-1.22,-0.55,-0.38,2.74,-1.25,11.75,2.77,-1.07,12.75,2.84,-1.4,8.75,2.58,-1.09,22.75,2.62,-1.18,23.25,2.72,-1.19,15.75,3.8,-0.62,16.75,3.99,-0.59,14.25,,,,,,,,,,,,,,,,,,,,,,,,,,,,,,,,,,,,,,,,,,,,,,,,,,,,,,,,,,,,,,,,,,,,,,,,,,,,,,,,,,,,,,,,,,,,,,,,,,,,,,,,,,,,,,,,,,,,,,,,,,,,,,
180219,40,10,2335,0,2.55,-1.35,-0.33,-1.12,-0.59,-0.23,2.38,-1.23,4.5,2.55,-1.22,10.25,2.62,-1.23,11.75,2.72,-1.23,7.0,2.6,-1.09,26.0,2.63,-1.16,26.75,2.7,-1.19,19.75,3.32,-1.07,7.0,3.61,-0.92,10.5,3.73,-0.91,12.0,3.92,-0.94,10.25,,,,,,,,,,,,,,,,,,,,,,,,,,,,,,,,,,,,,,,,,,,,,,,,,,,,,,,,,,,,,,,,,,,,,,,,,,,,,,,,,,,,,,,,,,,,,,,,,,,,,,,,,,,,,,,,,,,,,
180219,40,11,2336,0,2.52,-1.46,-0.39,-1.14,-0.59,-0.23,2.59,-1.12,26.0,2.63,-1.17,26.75,2.7,-1.21,21.25,3.23,-1.15,6.5,3.55,-1.05,6.5,3.76,-0.96,9.75,,,,,,,,,,,,,,,,,,,,,,,,,,,,,,,,,,,,,,,,,,,,,,,,,,,,,,,,,,,,,,,,,,,,,,,,,,,,,,,,,,,,,,,,,,,,,,,,,,,,,,,,,,,,,,,,,,,,,,,,,,,,,,,,,,,,
180219,40,12,2337,0,2.48,-1.58,-0.45,-1.16,-0.59,-0.23,2.34,-1.07,10.0,2.59,-1.12,25.5,2.63,-1.17,26.25,2.69,-1.21,21.0,3.41,-1.28,5.0,3.25,-1.09,6.25,3.61,-1.33,4.75,,,,,,,,,,,,,,,,,,,,,,,,,,,,,,,,,,,,,,,,,,,,,,,,,,,,,,,,,,,,,,,,,,,,,,,,,,,,,,,,,,,,,,,,,,,,,,,,,,,,,,,,,,,,,,,,,,,,,,,,,,,,,,,,,
180219,40,13,2338,0,2.51,-1.51,-0.37,-0.88,-0.49,0.02,2.45,-1.07,4.25,2.53,-1.13,8.75,2.64,-1.08,6.75,2.32,-1.1,10.0,2.58,-1.19,25.25,2.63,-1.2,27.0,2.68,-1.22,21.75,3.26,-1.08,5.0,3.85,-1.2,5.0,,,,,,,,,,,,,,,,,,,,,,,,,,,,,,,,,,,,,,,,,,,,,,,,,,,,,,,,,,,,,,,,,,,,,,,,,,,,,,,,,,,,,,,,,,,,,,,,,,,,,,,,,,,,,,,,,,,,,,,,,,,
180219,40,14,2339,0,2.47,-1.6,-0.21,-0.44,0.0,0.0,2.47,-1.17,19.5,2.58,-1.19,25.75,2.64,-1.19,28.0,2.69,-1.21,23.25,3.43,-1.29,5.75,3.57,-1.37,5.0,3.27,-1.01,4.75,3.87,-1.13,4.75,,,,,,,,,,,,,,,,,,,,,,,,,,,,,,,,,,,,,,,,,,,,,,,,,,,,,,,,,,,,,,,,,,,,,,,,,,,,,,,,,,,,,,,,,,,,,,,,,,,,,,,,,,,,,,,,,,,,,,,,,,,,,,
180238,41,1,2419,0,2.48,-0.26,0.06,-0.5,0.08,-0.33,3.0,-1.8,7.25,2.54,-1.28,12.75,2.49,-1.06,16.5,2.98,-1.26,5.0,2.43,-0.9,16.5,2.84,-1.02,10.25,3.59,-0.85,8.75,2.3,-0.29,11.0,2.41,-0.29,15.25,3.77,-0.38,9.0,2.7,-1.2,15.25,2.79,-1.2,12.75,2.96,-1.24,8.25,3.43,-0.86,10.25,2.59,-0.14,16.25,2.45,0.07,25.5,2.21,0.15,4.75,2.32,0.17,23.5,2.39,0.17,27.5,,,,,,,,,,,,,,,,,,,,,,,,,,,,,,,,,,,,,,,,,,,,,,,,,,,,,,,,,,,,,,,,,,,,,,,,,,,,,,,,,,,,,,,,,,,,,
180238,41,2,2420,0,2.53,-0.55,0.15,-0.94,0.18,-0.68,2.87,-1.38,7.5,2.52,-0.97,20.75,2.6,-1.15,17.5,2.74,-1.23,12.75,2.29,-0.7,9.25,2.39,-0.72,18.25,2.46,-0.8,21.0,3.27,-1.2,4.5,3.53,-1.11,7.25,3.7,-0.9,7.75,2.6,-0.41,18.0,2.46,0.07,25.5,2.32,0.2,23.5,2.4,0.16,27.5,,,,,,,,,,,,,,,,,,,,,,,,,,,,,,,,,,,,,,,,,,,,,,,,,,,,,,,,,,,,,,,,,,,,,,,,,,,,,,,,,,,,,,,,,,,,,,,,,,,,,,,,,,,,
180238,41,3,2421,0,2.54,-0.74,0.15,-1.16,0.15,-0.8,2.51,-1.21,18.5,2.94,-1.37,6.0,2.51,-1.02,23.0,2.73,-1.13,7.5,2.27,-0.72,8.25,2.4,-0.76,17.5,2.48,-0.84,22.0,3.69,-0.64,9.25,3.78,-0.71,12.25,3.95,-0.8,9.0,2.71,-1.29,13.5,3.54,-0.67,10.75,2.5,-0.17,26.75,2.42,0.04,27.0,2.32,0.14,22.75,,,,,,,,,,,,,,,,,,,,,,,,,,,,,,,,,,,,,,,,,,,,,,,,,,,,,,,,,,,,,,,,,,,,,,,,,,,,,,,,,,,,,,,,,,,,,,,,,,,,,,,,,
180238,41,4,2422,0,2.54,-0.9,0.07,-1.27,-0.01,-0.8,2.49,-1.23,19.25,2.58,-1.28,17.75,2.75,-1.29,14.5,2.84,-1.45,11.75,3.09,-1.43,5.75,2.34,-0.87,10.0,2.45,-1.05,14.5,3.6,-0.9,7.25,3.74,-0.86,9.0,3.96,-0.75,6.25,2.61,-1.16,16.75,2.54,-0.86,21.75,4.0,-0.46,17.5,2.5,-0.16,24.5,2.41,0.14,25.5,,,,,,,,,,,,,,,,,,,,,,,,,,,,,,,,,,,,,,,,,,,,,,,,,,,,,,,,,,,,,,,,,,,,,,,,,,,,,,,,,,,,,,,,,,,,,,,,,,,,,,,,,
180238,41,5,2423,0,2.54,-1.03,0.0,-1.29,-0.15,-0.7,2.43,-1.2,18.0,2.52,-1.19,22.75,2.8,-1.37,7.75,2.35,-1.02,8.0,2.63,-1.12,21.25,2.72,-1.18,16.0,3.48,-1.37,4.25,3.62,-1.35,7.75,3.82,-1.29,5.75,2.57,-1.19,17.0,2.53,-0.95,22.5,2.49,-0.72,22.0,3.51,-0.77,8.5,3.77,-0.44,19.5,3.81,-0.44,23.0,4.0,-0.5,18.5,2.4,-0.18,20.0,2.26,0.01,19.25,3.01,1.89,5.0,,,,,,,,,,,,,,,,,,,,,,,,,,,,,,,,,,,,,,,,,,,,,,,,,,,,,,,,,,,,,,,,,,,,,,,,,,,,,,,,,,,,,,,,,,,,,
180238,41,6,2424,0,2.53,-1.14,-0.06,-1.29,-0.24,-0.62,2.75,-1.51,4.25,2.45,-1.12,16.75,2.53,-1.21,21.5,2.58,-1.22,22.0,2.62,-1.29,14.5,2.35,-0.99,9.25,2.55,-1.24,17.0,2.51,-1.01,22.5,2.48,-0.78,21.75,2.38,-0.37,19.0,3.76,-0.46,18.0,3.82,-0.44,21.75,3.99,-0.57,18.0,2.25,0.0,19.0,,,,,,,,,,,,,,,,,,,,,,,,,,,,,,,,,,,,,,,,,,,,,,,,,,,,,,,,,,,,,,,,,,,,,,,,,,,,,,,,,,,,,,,,,,,,,,,,,,,,,,,,,,,,
180238,41,7,2425,0,2.52,-1.24,-0.13,-1.25,-0.33,-0.49,2.5,-1.41,13.25,2.61,-1.45,9.75,2.51,-1.16,13.5,2.44,-1.08,10.5,3.46,-1.21,4.25,2.57,-1.22,18.25,2.51,-1.06,22.25,2.47,-0.81,21.0,2.39,-0.42,19.0,3.51,-0.78,7.75,3.78,-0.4,18.25,3.82,-0.44,22.25,3.99,-0.52,18.5,2.29,-0.17,17.0,,,,,,,,,,,,,,,,,,,,,,,,,,,,,,,,,,,,,,,,,,,,,,,,,,,,,,,,,,,,,,,,,,,,,,,,,,,,,,,,,,,,,,,,,,,,,,,,,,,,,,,,,,,,
180238,41,8,2426,0,2.52,-1.29,-0.14,-1.15,-0.33,-0.34,2.48,-1.13,12.75,2.55,-1.05,18.5,2.61,-0.95,14.75,3.33,-1.07,4.0,2.53,-1.03,23.0,2.59,-1.12,18.75,2.48,-0.86,20.5,3.41,-1.03,8.0,3.77,-0.5,18.0,3.82,-0.48,22.0,3.99,-0.54,18.25,,,,,,,,,,,,,,,,,,,,,,,,,,,,,,,,,,,,,,,,,,,,,,,,,,,,,,,,,,,,,,,,,,,,,,,,,,,,,,,,,,,,,,,,,,,,,,,,,,,,,,,,,,,,,,,,,,,,,
180238,41,9,2427,0,2.52,-1.31,-0.18,-0.98,-0.39,-0.12,2.5,-1.0,4.75,2.6,-1.05,11.0,2.64,-1.12,10.25,2.74,-1.21,5.25,2.57,-1.14,19.5,2.4,-0.77,15.5,2.51,-0.87,20.75,3.3,-1.09,8.5,3.59,-0.95,11.25,3.72,-1.01,13.5,3.92,-0.93,12.25,,,,,,,,,,,,,,,,,,,,,,,,,,,,,,,,,,,,,,,,,,,,,,,,,,,,,,,,,,,,,,,,,,,,,,,,,,,,,,,,,,,,,,,,,,,,,,,,,,,,,,,,,,,,,,,,,,,,,
180238,41,10,2428,0,2.5,-1.41,-0.22,-1.0,-0.39,-0.12,2.58,-1.11,19.25,2.23,-0.8,6.75,3.59,-1.03,11.5,,,,,,,,,,,,,,,,,,,,,,,,,,,,,,,,,,,,,,,,,,,,,,,,,,,,,,,,,,,,,,,,,,,,,,,,,,,,,,,,,,,,,,,,,,,,,,,,,,,,,,,,,,,,,,,,,,,,,,,,,,,,,,,,,,,,,,,,,,,,,
180238,41,11,2429,0,2.48,-1.51,-0.26,-1.01,-0.39,-0.12,2.34,-0.93,9.25,2.47,-1.11,15.75,,,,,,,,,,,,,,,,,,,,,,,,,,,,,,,,,,,,,,,,,,,,,,,,,,,,,,,,,,,,,,,,,,,,,,,,,,,,,,,,,,,,,,,,,,,,,,,,,,,,,,,,,,,,,,,,,,,,,,,,,,,,,,,,,,,,,,,,,,,,,,,,
180238,41,12,2430,0,2.53,-1.47,-0.16,-0.79,-0.28,0.06,2.65,-0.83,4.25,2.76,-0.93,4.0,2.6,-1.2,22.25,2.69,-1.22,16.0,2.49,-1.11,16.0,3.48,-1.17,9.0,3.57,-1.32,8.5,3.92,-0.92,5.5,,,,,,,,,,,,,,,,,,,,,,,,,,,,,,,,,,,,,,,,,,,,,,,,,,,,,,,,,,,,,,,,,,,,,,,,,,,,,,,,,,,,,,,,,,,,,,,,,,,,,,,,,,,,,,,,,,,,,,,,,,,,,,
180238,41,13,2431,0,2.51,-1.55,-0.09,-0.39,0.0,0.0,2.6,-1.2,23.0,2.66,-1.25,16.25,2.89,-1.26,7.0,3.55,-1.37,7.5,3.91,-0.96,4.25,,,,,,,,,,,,,,,,,,,,,,,,,,,,,,,,,,,,,,,,,,,,,,,,,,,,,,,,,,,,,,,,,,,,,,,,,,,,,,,,,,,,,,,,,,,,,,,,,,,,,,,,,,,,,,,,,,,,,,,,,,,,,,,,,,,,,,,
180252,42,1,2478,0,2.46,0.01,0.01,-0.36,0.11,-0.38,2.66,-1.19,9.5,2.76,-1.23,8.0,2.56,-0.1,11.0,2.23,0.09,4.25,2.37,0.09,19.0,2.41,0.1,24.5,2.43,0.11,21.5,2.64,-1.33,15.25,2.67,-1.41,15.5,3.44,-1.18,12.5,3.13,-0.89,8.5,3.75,-0.55,11.25,4.01,-0.33,7.25,3.2,1.3,7.0,,,,,,,,,,,,,,,,,,,,,,,,,,,,,,,,,,,,,,,,,,,,,,,,,,,,,,,,,,,,,,,,,,,,,,,,,,,,,,,,,,,,,,,,,,,,,,,,,,,,,,,,,,,,
180252,42,2,2479,0,2.47,-0.05,0.05,-0.46,0.16,-0.43,2.43,-0.11,17.75,2.46,-0.17,16.5,2.56,-0.21,8.0,2.36,-0.04,12.25,2.66,-1.44,14.25,2.64,-1.32,13.75,3.48,-1.08,13.0,3.19,-0.77,8.75,3.71,-0.67,11.5,4.02,-0.32,7.0,3.13,1.44,6.75,,,,,,,,,,,,,,,,,,,,,,,,,,,,,,,,,,,,,,,,,,,,,,,,,,,,,,,,,,,,,,,,,,,,,,,,,,,,,,,,,,,,,,,,,,,,,,,,,,,,,,,,,,,,,,,,,,,,,
180252,42,3,2480,0,2.48,-0.02,0.09,-0.36,0.2,-0.31,2.32,0.18,15.25,2.36,0.17,18.75,2.4,0.2,14.0,2.17,0.23,5.25,2.63,-1.51,17.25,2.64,-1.4,16.25,2.92,-1.36,11.25,3.69,-0.74,11.0,4.03,-0.1,6.25,,,,,,,,,,,,,,,,,,,,,,,,,,,,,,,,,,,,,,,,,,,,,,,,,,,,,,,,,,,,,,,,,,,,,,,,,,,,,,,,,,,,,,,,,,,,,,,,,,,,,,,,,,,,,,,,,,,,,,,,,,,
180252,42,4,2481,0,2.47,0.01,0.1,-0.26,0.19,-0.2,2.44,-0.09,12.5,2.6,-0.22,5.0,2.35,0.2,16.25,2.28,0.33,14.5,2.13,0.41,6.0,2.66,-1.36,15.75,2.7,-1.39,16.5,2.93,-1.31,10.25,3.47,-1.15,11.75,3.76,-0.55,10.25,4.02,-0.17,7.0,,,,,,,,,,,,,,,,,,,,,,,,,,,,,,,,,,,,,,,,,,,,,,,,,,,,,,,,,,,,,,,,,,,,,,,,,,,,,,,,,,,,,,,,,,,,,,,,,,,,,,,,,,,,,,,,,,,,,
180252,42,5,2482,0,2.47,-0.04,0.06,-0.33,0.1,-0.24,2.49,-1.6,4.75,2.57,-1.66,4.25,2.29,-0.09,4.25,2.45,-0.15,9.75,2.51,-0.14,11.25,2.62,-0.05,5.5,2.96,-1.11,10.5,3.54,-0.86,8.75,4.02,-0.32,5.75,3.81,-0.08,7.25,2.75,2.1,6.0,,,,,,,,,,,,,,,,,,,,,,,,,,,,,,,,,,,,,,,,,,,,,,,,,,,,,,,,,,,,,,,,,,,,,,,,,,,,,,,,,,,,,,,,,,,,,,,,,,,,,,,,,,,,,,,,,,,,,
180258,43,1,2519,0,2.59,-0.02,0.11,-0.28,0.23,-0.49,2.68,-1.36,14.0,2.89,-1.33,7.25,3.15,-1.49,5.5,2.65,-1.13,16.0,3.5,-1.17,8.25,2.6,-0.71,17.5,2.51,-0.56,18.75,2.43,-0.34,16.5,4.0,-0.5,5.25,2.31,-0.09,11.25,3.83,-0.16,8.0,3.26,1.26,4.0,3.12,-0.93,10.25,2.43,0.01,30.5,4.03,-0.01,6.5,3.81,0.19,10.0,3.63,0.63,9.5,,,,,,,,,,,,,,,,,,,,,,,,,,,,,,,,,,,,,,,,,,,,,,,,,,,,,,,,,,,,,,,,,,,,,,,,,,,,,,,,,,,,,,,,,,,,,,,,,,,
180258,43,2,2520,0,2.64,-0.35,0.18,-0.82,0.27,-0.9,2.68,-1.08,12.25,2.82,-1.12,10.5,3.0,-1.2,6.5,2.42,-0.75,19.5,2.54,-0.8,15.0,3.32,-1.16,6.0,2.38,-0.56,18.0,2.28,-0.33,13.25,3.68,-0.58,9.75,3.77,-0.46,10.0,3.99,-0.52,5.25,2.64,-1.25,15.25,2.71,-1.42,13.5,3.21,-0.73,9.75,3.61,-0.59,10.25,4.0,-0.47,11.0,2.43,0.04,29.25,3.84,-0.11,12.5,2.37,0.15,23.0,3.69,0.15,9.75,,,,,,,,,,,,,,,,,,,,,,,,,,,,,,,,,,,,,,,,,,,,,,,,,,,,,,,,,,,,,,,,,,,,,,,,,,,,,,,,,,,,,,,,,,
180258,43,3,2521,0,2.64,-0.6,0.15,-1.17,0.18,-1.11,2.54,-1.19,15.0,2.73,-1.28,10.25,2.9,-1.44,8.5,2.51,-0.98,20.75,3.16,-1.43,6.75,2.47,-0.8,20.25,2.27,-0.59,13.0,2.38,-0.64,17.25,3.81,-0.19,11.5,4.01,-0.34,6.0,3.76,0.08,8.75,2.7,-1.43,12.25,3.18,-0.84,9.25,4.01,-0.33,12.5,2.35,0.21,22.25,2.41,0.15,27.5,3.09,1.68,8.5,,,,,,,,,,,,,,,,,,,,,,,,,,,,,,,,,,,,,,,,,,,,,,,,,,,,,,,,,,,,,,,,,,,,,,,,,,,,,,,,,,,,,,,,,,,,,,,,,,,
180258,43,4,2522,0,2.63,-0.78,0.08,-1.34,0.03,-1.14,2.77,-1.66,8.75,2.7,-1.4,10.0,2.64,-1.07,13.5,3.19,-1.36,4.25,2.22,-0.78,9.75,2.3,-0.84,16.0,2.44,-0.81,16.5,2.57,-0.85,16.75,3.66,-0.63,7.25,3.77,-0.47,7.25,3.15,-0.86,9.75,3.44,-0.77,11.0,3.73,-0.31,14.75,3.81,-0.22,17.0,4.01,-0.37,12.75,2.35,0.21,22.0,2.41,0.16,27.5,2.91,1.97,8.0,,,,,,,,,,,,,,,,,,,,,,,,,,,,,,,,,,,,,,,,,,,,,,,,,,,,,,,,,,,,,,,,,,,,,,,,,,,,,,,,,,,,,,,,,,,,,,,,
180258,43,5,2523,0,2.61,-0.93,0.01,-1.45,-0.09,-1.11,2.59,-1.18,18.75,2.7,-1.28,14.0,2.89,-1.31,9.0,2.41,-0.95,21.0,2.49,-1.07,20.75,3.17,-1.23,4.5,2.26,-0.78,8.5,2.35,-0.86,17.75,3.75,-0.89,4.5,3.15,-0.85,9.5,3.45,-0.74,10.5,3.75,-0.21,15.25,3.82,-0.21,18.25,4.01,-0.34,14.25,2.92,1.97,8.25,,,,,,,,,,,,,,,,,,,,,,,,,,,,,,,,,,,,,,,,,,,,,,,,,,,,,,,,,,,,,,,,,,,,,,,,,,,,,,,,,,,,,,,,,,,,,,,,,,,,,,,,,
180258,43,6,2524,0,2.62,-1.04,-0.06,-1.44,-0.21,-0.96,2.36,-0.99,10.25,2.48,-1.07,18.75,2.56,-1.11,23.75,2.62,-1.11,22.75,2.74,-1.11,16.0,2.92,-1.22,8.25,3.24,-1.22,7.0,3.53,-1.03,7.75,3.69,-0.94,7.5,3.96,-0.73,4.75,3.43,-1.01,8.75,4.01,-0.42,14.25,3.76,-0.24,15.5,3.82,-0.24,18.25,,,,,,,,,,,,,,,,,,,,,,,,,,,,,,,,,,,,,,,,,,,,,,,,,,,,,,,,,,,,,,,,,,,,,,,,,,,,,,,,,,,,,,,,,,,,,,,,,,,,,,,,,,,,
180258,43,7,2525,0,2.62,-1.15,-0.12,-1.41,-0.31,-0.81,2.56,-1.16,22.5,2.61,-1.21,23.5,2.69,-1.23,18.25,2.4,-0.92,7.25,2.48,-1.1,16.5,2.89,-1.19,7.5,3.43,-1.29,6.5,3.56,-1.35,5.0,3.3,-1.03,4.5,2.91,-1.3,7.0,3.45,-0.92,7.5,4.01,-0.41,14.75,3.77,-0.28,15.5,3.82,-0.28,18.5,2.27,0.11,14.0,,,,,,,,,,,,,,,,,,,,,,,,,,,,,,,,,,,,,,,,,,,,,,,,,,,,,,,,,,,,,,,,,,,,,,,,,,,,,,,,,,,,,,,,,,,,,,,,,,,,,,,,,
180258,43,8,2526,0,2.61,-1.23,-0.17,-1.34,-0.38,-0.63,2.31,-1.1,4.25,2.44,-1.11,14.5,2.54,-1.08,17.0,2.67,-1.05,15.5,2.8,-1.09,12.5,2.88,-1.29,6.5,2.87,-1.31,10.0,3.37,-1.03,8.0,4.01,-0.41,16.25,3.78,-0.26,16.0,3.83,-0.31,20.0,,,,,,,,,,,,,,,,,,,,,,,,,,,,,,,,,,,,,,,,,,,,,,,,,,,,,,,,,,,,,,,,,,,,,,,,,,,,,,,,,,,,,,,,,,,,,,,,,,,,,,,,,,,,,,,,,,,,,
180258,43,9,2527,0,2.6,-1.32,-0.21,-1.29,-0.42,-0.5,2.48,-1.16,11.0,2.56,-1.22,7.5,2.44,-1.08,8.0,3.46,-1.2,5.5,2.69,-1.23,16.75,2.52,-1.12,26.75,2.61,-1.16,25.0,2.9,-1.25,8.25,2.36,-0.83,20.25,3.39,-1.03,8.5,4.01,-0.41,16.5,3.78,-0.34,16.25,3.83,-0.34,20.25,,,,,,,,,,,,,,,,,,,,,,,,,,,,,,,,,,,,,,,,,,,,,,,,,,,,,,,,,,,,,,,,,,,,,,,,,,,,,,,,,,,,,,,,,,,,,,,,,,,,,,,,,,,,,,,
180258,43,10,2528,0,2.59,-1.37,-0.24,-1.16,-0.44,-0.31,2.42,-1.19,8.25,2.54,-1.16,13.25,2.7,-1.04,13.25,2.8,-1.05,10.25,2.81,-1.4,9.25,2.69,-1.22,17.75,2.27,-0.69,12.25,3.32,-1.12,8.75,3.49,-1.27,12.0,3.75,-0.91,13.75,3.96,-0.72,13.5,,,,,,,,,,,,,,,,,,,,,,,,,,,,,,,,,,,,,,,,,,,,,,,,,,,,,,,,,,,,,,,,,,,,,,,,,,,,,,,,,,,,,,,,,,,,,,,,,,,,,,,,,,,,,,,,,,,,,
180258,43,11,2529,0,2.56,-1.41,-0.31,-1.01,-0.52,-0.11,2.38,-1.21,7.5,2.48,-1.22,10.75,2.72,-1.27,4.25,2.6,-1.17,9.0,2.8,-1.4,9.5,2.45,-1.03,24.0,2.55,-1.1,27.5,2.63,-1.13,27.0,2.69,-1.21,18.75,3.31,-1.09,7.25,,,,,,,,,,,,,,,,,,,,,,,,,,,,,,,,,,,,,,,,,,,,,,,,,,,,,,,,,,,,,,,,,,,,,,,,,,,,,,,,,,,,,,,,,,,,,,,,,,,,,,,,,,,,,,,,,,,,,,,,
180258,43,12,2530,0,2.54,-1.48,-0.33,-0.96,-0.49,-0.06,2.4,-1.11,5.75,2.46,-1.15,8.0,2.68,-1.22,20.0,2.81,-1.33,10.25,2.45,-1.07,23.5,2.54,-1.15,27.5,2.62,-1.16,27.0,3.31,-1.07,6.5,3.5,-1.2,9.75,,,,,,,,,,,,,,,,,,,,,,,,,,,,,,,,,,,,,,,,,,,,,,,,,,,,,,,,,,,,,,,,,,,,,,,,,,,,,,,,,,,,,,,,,,,,,,,,,,,,,,,,,,,,,,,,,,,,,,,,,,,
180258,43,13,2531,0,2.56,-1.47,-0.28,-0.8,-0.39,0.08,2.6,-1.24,7.25,2.42,-1.06,4.5,2.55,-1.1,8.0,2.79,-1.19,4.25,2.45,-1.16,21.5,2.64,-1.15,27.0,2.71,-1.19,22.0,3.3,-1.1,8.0,3.47,-1.21,11.0,3.57,-1.24,9.0,3.88,-1.1,5.0,,,,,,,,,,,,,,,,,,,,,,,,,,,,,,,,,,,,,,,,,,,,,,,,,,,,,,,,,,,,,,,,,,,,,,,,,,,,,,,,,,,,,,,,,,,,,,,,,,,,,,,,,,,,,,,,,,,,,
180258,43,14,2532,0,2.53,-1.55,-0.16,-0.4,0.0,0.0,2.35,-1.14,9.5,2.46,-1.17,22.25,2.55,-1.14,27.0,2.62,-1.15,26.5,2.71,-1.19,21.75,3.32,-1.04,7.5,3.47,-1.19,10.75,3.57,-1.22,8.25,3.93,-0.87,4.25,,,,,,,,,,,,,,,,,,,,,,,,,,,,,,,,,,,,,,,,,,,,,,,,,,,,,,,,,,,,,,,,,,,,,,,,,,,,,,,,,,,,,,,,,,,,,,,,,,,,,,,,,,,,,,,,,,,,,,,,,,,
180326,44,1,2653,0,2.63,-0.19,0.1,-0.4,0.05,-0.2,2.87,-1.13,8.5,2.7,-0.93,7.5,3.0,-1.11,5.0,2.59,-0.34,14.0,2.52,-0.13,14.25,2.55,-0.22,18.25,2.59,0.03,22.5,2.51,0.23,28.25,,,,,,,,,,,,,,,,,,,,,,,,,,,,,,,,,,,,,,,,,,,,,,,,,,,,,,,,,,,,,,,,,,,,,,,,,,,,,,,,,,,,,,,,,,,,,,,,,,,,,,,,,,,,,,,,,,,,,,,,,,,,,,
180326,44,2,2654,0,2.65,-0.23,0.11,-0.41,0.06,-0.2,2.67,-0.26,6.75,2.6,-0.15,7.25,3.63,-0.76,10.5,3.79,-0.6,13.25,3.98,-0.62,9.0,2.5,0.21,30.5,2.56,0.16,23.75,2.49,0.25,28.5,3.25,1.72,7.0,2.68,2.12,6.75,,,,,,,,,,,,,,,,,,,,,,,,,,,,,,,,,,,,,,,,,,,,,,,,,,,,,,,,,,,,,,,,,,,,,,,,,,,,,,,,,,,,,,,,,,,,,,,,,,,,,,,,,,,,,,,,,,,,,,,,
180326,44,3,2655,0,2.63,-0.18,0.05,-0.29,-0.03,-0.07,2.52,0.05,13.75,2.48,0.09,12.25,2.6,0.1,8.0,2.99,-1.11,13.5,3.76,-0.62,12.25,3.97,-0.69,8.75,2.55,0.23,23.0,2.78,2.07,7.5,,,,,,,,,,,,,,,,,,,,,,,,,,,,,,,,,,,,,,,,,,,,,,,,,,,,,,,,,,,,,,,,,,,,,,,,,,,,,,,,,,,,,,,,,,,,,,,,,,,,,,,,,,,,,,,,,,,,,,,,,,,,,,
180334,45,1,2699,0,2.65,0.07,-0.01,-0.48,0.03,-0.98,2.8,-1.56,9.0,2.68,-1.1,12.0,2.81,-1.2,10.25,2.59,-0.83,14.0,3.28,-1.18,4.0,2.5,-0.74,14.25,3.69,-0.69,8.75,3.79,-0.69,11.5,3.98,-0.65,9.75,2.24,-0.06,11.5,2.37,-0.02,10.75,2.83,-1.55,11.5,2.79,-1.3,12.5,3.69,-0.52,13.75,4.0,-0.48,12.75,3.82,-0.26,16.25,2.59,0.08,25.5,,,,,,,,,,,,,,,,,,,,,,,,,,,,,,,,,,,,,,,,,,,,,,,,,,,,,,,,,,,,,,,,,,,,,,,,,,,,,,,,,,,,,,,,,,,,,,,,,,,
180334,45,2,2700,0,2.66,-0.13,0.05,-0.82,0.11,-1.2,2.81,-1.55,10.25,2.75,-1.32,12.75,2.55,-1.03,16.5,2.64,-1.18,14.5,3.19,-1.26,6.75,2.46,-0.79,14.5,2.27,-0.49,10.25,2.36,-0.52,14.5,3.65,-0.55,6.5,3.79,-0.37,7.25,4.03,-0.07,4.0,2.81,-1.58,12.5,2.74,-1.39,12.25,3.43,-0.81,10.25,2.75,-0.36,16.75,3.72,-0.36,14.0,4.0,-0.49,12.5,3.82,-0.15,16.75,2.61,0.0,25.25,2.53,0.18,30.0,,,,,,,,,,,,,,,,,,,,,,,,,,,,,,,,,,,,,,,,,,,,,,,,,,,,,,,,,,,,,,,,,,,,,,,,,,,,,,,,,,,,,,,,,,
180334,45,3,2701,0,2.69,-0.49,0.11,-1.41,0.14,-1.6,2.92,-1.4,8.75,3.16,-1.44,7.25,2.82,-1.16,10.25,3.44,-1.32,8.75,2.26,-0.75,5.25,2.4,-0.78,15.75,2.47,-0.78,19.5,2.55,-0.82,18.5,2.69,-0.9,13.75,3.83,-1.24,6.0,3.67,-1.03,8.75,2.78,-1.32,13.5,2.9,-1.41,12.5,3.75,-0.41,18.25,4.01,-0.42,15.75,2.62,-0.09,24.75,3.8,-0.35,21.0,2.52,0.17,29.75,,,,,,,,,,,,,,,,,,,,,,,,,,,,,,,,,,,,,,,,,,,,,,,,,,,,,,,,,,,,,,,,,,,,,,,,,,,,,,,,,,,,,,,,,,,,,,,,
180334,45,4,2702,0,2.69,-0.72,0.05,-1.68,0.02,-1.68,2.86,-1.38,9.5,2.78,-1.08,14.0,3.16,-1.3,4.5,2.39,-0.88,12.5,2.52,-0.87,19.0,2.62,-0.87,22.0,2.68,-0.95,20.25,3.91,-0.95,7.5,3.78,-0.76,9.25,3.69,-0.53,6.0,2.89,-1.36,12.5,2.78,-1.23,14.75,3.74,-0.44,17.75,4.01,-0.4,15.25,2.63,-0.19,25.0,3.8,-0.28,20.5,2.53,0.18,29.25,,,,,,,,,,,,,,,,,,,,,,,,,,,,,,,,,,,,,,,,,,,,,,,,,,,,,,,,,,,,,,,,,,,,,,,,,,,,,,,,,,,,,,,,,,,,,,,,,,,
180334,45,5,2703,0,2.66,-0.92,-0.11,-1.82,-0.25,-1.6,2.43,-1.11,14.0,2.5,-1.26,19.0,2.59,-1.27,19.25,2.68,-1.39,15.5,2.81,-1.45,10.75,3.43,-1.44,4.75,2.36,-0.83,9.75,3.72,-1.11,8.0,3.87,-1.13,8.0,2.75,-1.26,16.5,2.86,-1.41,13.75,3.51,-0.64,9.75,3.75,-0.4,18.25,2.64,-0.22,25.0,3.8,-0.3,21.0,4.02,-0.26,15.5,,,,,,,,,,,,,,,,,,,,,,,,,,,,,,,,,,,,,,,,,,,,,,,,,,,,,,,,,,,,,,,,,,,,,,,,,,,,,,,,,,,,,,,,,,,,,,,,,,,,,,
180334,45,6,2704,0,2.63,-1.07,-0.19,-1.89,-0.33,-1.5,2.84,-1.33,7.75,3.65,-1.71,4.75,2.36,-1.01,12.5,2.41,-1.03,19.5,2.48,-1.06,18.75,2.68,-1.04,15.75,2.79,-1.15,14.75,2.75,-1.26,17.25,2.87,-1.39,14.0,2.66,-1.11,22.25,3.45,-0.83,11.0,2.7,-0.46,24.0,3.75,-0.39,19.5,3.79,-0.3,21.5,4.01,-0.36,16.0,2.34,-0.05,14.5,,,,,,,,,,,,,,,,,,,,,,,,,,,,,,,,,,,,,,,,,,,,,,,,,,,,,,,,,,,,,,,,,,,,,,,,,,,,,,,,,,,,,,,,,,,,,,,,,,,,,,
180334,45,7,2705,0,2.63,-1.18,-0.25,-1.82,-0.43,-1.25,2.4,-1.1,11.5,2.55,-1.11,11.0,2.72,-1.15,14.25,2.74,-1.24,13.75,2.86,-1.27,4.0,3.65,-1.11,4.0,3.58,-0.93,4.0,2.87,-1.37,14.0,2.66,-1.13,22.25,2.51,-0.83,20.0,2.7,-0.61,23.25,3.75,-0.37,17.5,3.81,-0.28,20.75,4.01,-0.36,15.75,,,,,,,,,,,,,,,,,,,,,,,,,,,,,,,,,,,,,,,,,,,,,,,,,,,,,,,,,,,,,,,,,,,,,,,,,,,,,,,,,,,,,,,,,,,,,,,,,,,,,,,,,,,,
180334,45,8,2706,0,2.6,-1.32,-0.3,-1.83,-0.47,-1.12,2.5,-1.17,9.75,2.46,-0.97,6.5,2.62,-1.13,8.0,2.84,-1.39,14.5,2.55,-1.13,23.0,3.37,-0.96,9.0,4.0,-0.49,16.5,3.83,-0.33,20.5,,,,,,,,,,,,,,,,,,,,,,,,,,,,,,,,,,,,,,,,,,,,,,,,,,,,,,,,,,,,,,,,,,,,,,,,,,,,,,,,,,,,,,,,,,,,,,,,,,,,,,,,,,,,,,,,,,,,,,,,,,,,,,
180334,45,9,2707,0,2.58,-1.43,-0.35,-1.78,-0.51,-0.94,2.62,-1.3,11.0,2.66,-1.35,6.25,2.66,-1.07,6.25,2.63,-1.23,24.5,2.84,-1.38,14.5,2.46,-0.97,19.25,2.55,-1.15,23.75,2.36,-0.73,17.0,3.29,-1.07,8.75,2.28,-0.61,10.5,,,,,,,,,,,,,,,,,,,,,,,,,,,,,,,,,,,,,,,,,,,,,,,,,,,,,,,,,,,,,,,,,,,,,,,,,,,,,,,,,,,,,,,,,,,,,,,,,,,,,,,,,,,,,,,,,,,,,,,,
180334,45,10,2708,0,2.54,-1.53,-0.42,-1.67,-0.57,-0.71,2.52,-1.29,8.5,2.57,-1.36,10.5,2.64,-1.42,6.25,2.86,-1.35,15.0,2.22,-0.84,7.0,2.36,-0.81,15.5,3.84,-1.2,10.75,,,,,,,,,,,,,,,,,,,,,,,,,,,,,,,,,,,,,,,,,,,,,,,,,,,,,,,,,,,,,,,,,,,,,,,,,,,,,,,,,,,,,,,,,,,,,,,,,,,,,,,,,,,,,,,,,,,,,,,,,,,,,,,,,
180334,45,11,2709,0,2.55,-1.58,-0.41,-1.5,-0.54,-0.48,2.58,-1.21,8.25,2.68,-1.18,11.25,2.78,-1.16,8.25,3.83,-1.24,11.0,,,,,,,,,,,,,,,,,,,,,,,,,,,,,,,,,,,,,,,,,,,,,,,,,,,,,,,,,,,,,,,,,,,,,,,,,,,,,,,,,,,,,,,,,,,,,,,,,,,,,,,,,,,,,,,,,,,,,,,,,,,,,,,,,,,,,,,,,,
180334,45,12,2710,0,2.5,-1.73,-0.46,-1.55,-0.54,-0.48,2.54,-1.21,21.75,,,,,,,,,,,,,,,,,,,,,,,,,,,,,,,,,,,,,,,,,,,,,,,,,,,,,,,,,,,,,,,,,,,,,,,,,,,,,,,,,,,,,,,,,,,,,,,,,,,,,,,,,,,,,,,,,,,,,,,,,,,,,,,,,,,,,,,,,,,,,,,,,,,
180334,45,13,2711,0,2.53,-1.71,-0.39,-1.3,-0.46,-0.21,2.73,-1.06,6.25,2.79,-1.2,4.25,2.67,-0.89,4.25,2.44,-1.12,15.0,2.68,-1.24,23.0,2.71,-1.29,21.0,2.82,-1.34,12.0,3.67,-1.19,10.5,3.84,-1.23,9.25,,,,,,,,,,,,,,,,,,,,,,,,,,,,,,,,,,,,,,,,,,,,,,,,,,,,,,,,,,,,,,,,,,,,,,,,,,,,,,,,,,,,,,,,,,,,,,,,,,,,,,,,,,,,,,,,,,,,,,,,,,,
180334,45,14,2713,0,2.5,-1.85,-0.38,-1.11,0.03,0.19,2.66,-1.21,5.5,2.44,-1.26,11.25,2.62,-1.2,19.25,,,,,,,,,,,,,,,,,,,,,,,,,,,,,,,,,,,,,,,,,,,,,,,,,,,,,,,,,,,,,,,,,,,,,,,,,,,,,,,,,,,,,,,,,,,,,,,,,,,,,,,,,,,,,,,,,,,,,,,,,,,,,,,,,,,,,,,,,,,,,
180334,45,15,2714,0,2.46,-1.96,-0.37,-1.09,0.03,0.19,2.51,-1.14,12.75,2.64,-1.11,21.5,3.32,-0.99,5.0,3.6,-1.08,9.0,3.69,-1.16,13.0,3.85,-1.17,11.0,3.33,-0.99,5.0,,,,,,,,,,,,,,,,,,,,,,,,,,,,,,,,,,,,,,,,,,,,,,,,,,,,,,,,,,,,,,,,,,,,,,,,,,,,,,,,,,,,,,,,,,,,,,,,,,,,,,,,,,,,,,,,,,,,,,,,,,,,,,,,,
180334,45,16,2715,0,2.42,-2.07,-0.37,-1.08,0.03,0.19,2.54,-1.09,14.0,2.66,-1.05,23.0,3.33,-0.97,5.0,3.59,-1.0,7.75,3.71,-1.03,10.5,,,,,,,,,,,,,,,,,,,,,,,,,,,,,,,,,,,,,,,,,,,,,,,,,,,,,,,,,,,,,,,,,,,,,,,,,,,,,,,,,,,,,,,,,,,,,,,,,,,,,,,,,,,,,,,,,,,,,,,,,,,,,,,,,,,,,,,
180334,45,17,2716,0,2.39,-2.18,-0.37,-1.06,0.0,0.0,2.53,-1.12,15.5,2.64,-1.1,24.0,2.68,-1.11,26.5,3.85,-1.19,8.25,3.36,-0.89,4.0,3.61,-0.98,8.5,3.69,-1.05,11.0,,,,,,,,,,,,,,,,,,,,,,,,,,,,,,,,,,,,,,,,,,,,,,,,,,,,,,,,,,,,,,,,,,,,,,,,,,,,,,,,,,,,,,,,,,,,,,,,,,,,,,,,,,,,,,,,,,,,,,,,,,,,,,,,,
180334,45,18,2717,0,2.35,-2.28,-0.37,-1.06,0.0,0.0,2.54,-1.11,15.5,2.65,-1.08,24.75,2.7,-1.1,27.5,3.67,-1.15,11.25,3.84,-1.21,8.25,3.63,-0.99,7.5,,,,,,,,,,,,,,,,,,,,,,,,,,,,,,,,,,,,,,,,,,,,,,,,,,,,,,,,,,,,,,,,,,,,,,,,,,,,,,,,,,,,,,,,,,,,,,,,,,,,,,,,,,,,,,,,,,,,,,,,,,,,,,,,,,,,
180334,45,19,2718,0,2.31,-2.39,-0.37,-1.06,0.0,0.0,2.4,-1.05,6.25,2.49,-1.08,6.25,2.92,-0.95,4.25,2.54,-1.12,15.0,2.65,-1.12,25.0,2.69,-1.13,28.25,2.81,-1.23,11.25,3.63,-0.95,6.5,3.69,-1.1,9.5,3.87,-1.1,6.75,,,,,,,,,,,,,,,,,,,,,,,,,,,,,,,,,,,,,,,,,,,,,,,,,,,,,,,,,,,,,,,,,,,,,,,,,,,,,,,,,,,,,,,,,,,,,,,,,,,,,,,,,,,,,,,,,,,,,,,,
180334,45,20,2719,0,2.28,-2.49,-0.37,-1.06,0.0,0.0,2.52,-1.08,12.75,2.61,-1.13,20.25,2.67,-1.16,22.5,2.73,-1.2,19.25,2.86,-1.23,10.25,3.7,-1.04,4.25,2.53,-1.14,14.25,2.64,-1.11,23.75,2.85,-1.17,9.5,3.62,-1.0,6.5,3.7,-1.1,10.0,3.87,-1.11,7.75,,,,,,,,,,,,,,,,,,,,,,,,,,,,,,,,,,,,,,,,,,,,,,,,,,,,,,,,,,,,,,,,,,,,,,,,,,,,,,,,,,,,,,,,,,,,,,,,,,,,,,,,,,,,,,,,,,
180334,45,21,2720,0,2.24,-2.6,-0.37,-1.06,0.0,0.0,2.62,-1.37,14.5,2.75,-1.37,16.0,2.35,-0.93,4.75,2.49,-0.94,12.0,2.58,-1.01,13.5,2.91,-1.29,11.75,3.2,-1.15,7.0,3.46,-1.07,5.5,3.72,-0.83,4.25,2.56,-1.07,15.25,2.65,-1.08,24.5,2.7,-1.08,27.25,2.75,-1.09,22.75,2.83,-1.22,11.75,3.88,-1.07,8.5,,,,,,,,,,,,,,,,,,,,,,,,,,,,,,,,,,,,,,,,,,,,,,,,,,,,,,,,,,,,,,,,,,,,,,,,,,,,,,,,,,,,,,,,,,,,,,,,,,,,,,,,,
180334,45,22,2721,0,2.2,-2.71,-0.37,-1.06,0.0,0.0,2.68,-1.34,15.5,2.76,-1.32,16.25,2.82,-1.41,11.25,3.0,-1.5,4.0,2.57,-1.12,9.75,2.39,-0.69,7.25,2.48,-0.7,10.5,3.72,-1.09,4.75,3.89,-1.06,5.5,3.08,-1.49,5.75,2.56,-0.99,16.5,2.64,-1.08,24.0,2.69,-1.11,26.75,2.85,-1.23,12.0,3.46,-1.38,8.5,3.77,-1.41,8.5,3.63,-1.29,10.75,,,,,,,,,,,,,,,,,,,,,,,,,,,,,,,,,,,,,,,,,,,,,,,,,,,,,,,,,,,,,,,,,,,,,,,,,,,,,,,,,,,,,,,,,,,,,,,,,,,
180334,45,23,2722,0,2.17,-2.81,-0.37,-1.06,0.0,0.0,2.5,-1.14,18.0,2.61,-1.28,17.25,2.76,-1.31,16.25,2.45,-0.91,16.75,2.92,-1.26,12.0,3.2,-1.14,6.0,2.41,-0.71,12.5,3.53,-0.92,6.25,3.73,-0.74,4.75,3.0,-1.63,5.5,2.54,-0.99,17.5,2.63,-1.1,25.0,2.69,-1.1,27.5,2.75,-1.11,22.5,2.82,-1.28,12.25,3.51,-1.27,9.25,3.61,-1.29,11.25,3.82,-1.27,8.25,2.44,-0.7,10.0,,,,,,,,,,,,,,,,,,,,,,,,,,,,,,,,,,,,,,,,,,,,,,,,,,,,,,,,,,,,,,,,,,,,,,,,,,,,,,,,,,,,,,,,,,,,,
180334,45,24,2723,0,2.13,-2.92,-0.37,-1.06,0.0,0.0,2.54,-0.98,24.5,2.61,-1.0,20.0,2.73,-1.18,12.75,2.47,-0.77,11.75,2.52,-0.93,21.75,3.04,-1.0,8.75,3.24,-1.16,5.25,3.55,-1.02,6.5,3.74,-0.81,7.5,4.0,-0.48,4.25,3.03,-1.57,5.75,2.5,-1.06,17.5,2.61,-1.13,24.0,2.69,-1.11,26.75,2.75,-1.14,22.5,2.83,-1.28,13.75,2.45,-0.69,9.75,,,,,,,,,,,,,,,,,,,,,,,,,,,,,,,,,,,,,,,,,,,,,,,,,,,,,,,,,,,,,,,,,,,,,,,,,,,,,,,,,,,,,,,,,,,,,,,,,,,
180345,46,1,2753,0,2.62,-0.07,-0.05,-0.36,-0.05,-0.52,2.8,-1.15,13.5,2.94,-1.21,10.5,3.16,-1.28,4.25,3.59,-0.94,6.0,2.49,-0.44,15.75,2.6,-0.43,22.25,2.66,-0.44,23.25,2.74,-0.6,16.75,3.83,-0.52,8.75,4.0,-0.45,8.0,2.32,-0.15,9.0,3.66,-0.61,12.0,4.0,-0.47,11.5,3.83,-0.31,14.25,,,,,,,,,,,,,,,,,,,,,,,,,,,,,,,,,,,,,,,,,,,,,,,,,,,,,,,,,,,,,,,,,,,,,,,,,,,,,,,,,,,,,,,,,,,,,,,,,,,,,,,,,,,,
180345,46,2,2754,0,2.65,-0.34,0.02,-0.8,0.06,-0.86,2.78,-1.08,13.5,2.95,-1.22,9.0,3.17,-1.38,6.25,2.58,-0.77,24.75,2.63,-0.97,19.0,2.53,-0.71,23.75,2.45,-0.42,18.5,3.62,-0.76,8.5,3.74,-0.69,8.75,3.97,-0.69,4.75,2.32,-0.28,14.75,2.88,-1.37,15.25,3.85,-0.26,14.25,3.72,0.21,11.25,2.37,0.28,21.0,,,,,,,,,,,,,,,,,,,,,,,,,,,,,,,,,,,,,,,,,,,,,,,,,,,,,,,,,,,,,,,,,,,,,,,,,,,,,,,,,,,,,,,,,,,,,,,,,,,,,,,,,
180345,46,3,2755,0,2.68,-0.59,0.1,-1.19,0.16,-1.12,2.76,-1.32,12.5,2.94,-1.35,10.25,2.71,-1.05,14.75,2.31,-0.59,6.75,2.4,-0.62,16.0,2.49,-0.57,16.75,2.63,-0.67,15.5,3.53,-0.74,10.25,3.71,-0.52,18.25,3.75,-0.42,18.5,3.99,-0.53,10.5,3.54,-0.54,8.0,3.76,-0.43,17.25,3.8,-0.46,20.0,2.36,0.3,19.75,,,,,,,,,,,,,,,,,,,,,,,,,,,,,,,,,,,,,,,,,,,,,,,,,,,,,,,,,,,,,,,,,,,,,,,,,,,,,,,,,,,,,,,,,,,,,,,,,,,,,,,,,
180345,46,4,2756,0,2.7,-0.73,0.1,-1.31,0.11,-1.12,2.97,-1.26,7.25,2.65,-0.82,18.0,2.66,-0.95,16.0,2.85,-0.91,8.0,2.62,-0.68,13.0,3.83,-0.46,11.0,4.0,-0.44,8.25,3.76,-0.27,6.5,3.5,-0.7,7.75,3.79,-0.29,19.75,2.34,0.33,19.5,2.41,0.34,25.75,2.47,0.34,24.75,,,,,,,,,,,,,,,,,,,,,,,,,,,,,,,,,,,,,,,,,,,,,,,,,,,,,,,,,,,,,,,,,,,,,,,,,,,,,,,,,,,,,,,,,,,,,,,,,,,,,,,,,,,,,,,
180345,46,5,2757,0,2.69,-0.89,0.05,-1.43,0.02,-1.11,2.81,-1.39,11.75,3.02,-1.52,5.0,2.71,-1.1,21.0,2.79,-1.12,18.5,2.43,-0.78,14.75,2.48,-0.81,21.0,2.59,-0.9,19.25,3.61,-0.94,6.0,3.79,-0.76,9.75,3.94,-0.85,8.0,3.5,-0.57,9.75,3.77,-0.31,19.25,3.82,-0.27,22.0,2.35,0.32,19.25,2.42,0.32,25.75,2.48,0.3,24.75,,,,,,,,,,,,,,,,,,,,,,,,,,,,,,,,,,,,,,,,,,,,,,,,,,,,,,,,,,,,,,,,,,,,,,,,,,,,,,,,,,,,,,,,,,,,,,,,,,,,,,
180345,46,6,2758,0,2.68,-1.03,-0.01,-1.52,-0.08,-1.07,2.83,-1.32,12.25,2.53,-0.97,13.25,2.6,-1.14,19.75,2.68,-1.16,22.0,2.74,-1.23,19.25,2.4,-0.8,6.25,3.44,-0.77,9.75,3.78,-0.17,19.25,3.83,-0.18,22.25,4.02,-0.26,17.75,2.35,0.31,19.25,2.42,0.32,26.0,,,,,,,,,,,,,,,,,,,,,,,,,,,,,,,,,,,,,,,,,,,,,,,,,,,,,,,,,,,,,,,,,,,,,,,,,,,,,,,,,,,,,,,,,,,,,,,,,,,,,,,,,,,,,,,,,,
180345,46,7,2759,0,2.68,-1.13,-0.06,-1.47,-0.18,-0.89,2.47,-1.05,14.5,2.51,-1.13,17.5,2.66,-1.19,15.5,2.82,-1.17,16.75,2.88,-1.24,9.75,2.43,-0.78,4.75,3.55,-1.03,4.25,3.72,-0.82,4.75,3.15,-1.33,9.25,4.01,-0.39,15.5,3.77,-0.31,16.5,3.82,-0.29,19.75,2.43,0.06,19.25,2.31,0.19,16.0,,,,,,,,,,,,,,,,,,,,,,,,,,,,,,,,,,,,,,,,,,,,,,,,,,,,,,,,,,,,,,,,,,,,,,,,,,,,,,,,,,,,,,,,,,,,,,,,,,,,,,,,,,,,
180345,46,8,2760,0,2.67,-1.19,-0.13,-1.33,-0.3,-0.63,2.54,-0.96,10.25,2.73,-1.02,15.5,2.81,-1.17,15.0,2.93,-1.16,10.0,2.63,-0.95,15.5,3.34,-0.98,9.75,4.0,-0.44,16.75,3.77,-0.31,18.25,3.81,-0.32,21.25,2.28,0.03,9.5,,,,,,,,,,,,,,,,,,,,,,,,,,,,,,,,,,,,,,,,,,,,,,,,,,,,,,,,,,,,,,,,,,,,,,,,,,,,,,,,,,,,,,,,,,,,,,,,,,,,,,,,,,,,,,,,,,,,,,,,
180345,46,9,2761,0,2.67,-1.25,-0.17,-1.23,-0.36,-0.45,2.66,-1.08,14.5,2.71,-1.13,17.75,2.78,-1.14,15.75,2.92,-1.13,7.5,2.56,-0.92,6.25,3.18,-1.25,9.25,4.01,-0.4,17.75,,,,,,,,,,,,,,,,,,,,,,,,,,,,,,,,,,,,,,,,,,,,,,,,,,,,,,,,,,,,,,,,,,,,,,,,,,,,,,,,,,,,,,,,,,,,,,,,,,,,,,,,,,,,,,,,,,,,,,,,,,,,,,,,,
180345,46,10,2762,0,2.68,-1.25,-0.15,-1.03,-0.35,-0.21,2.79,-0.67,6.5,2.82,-0.79,11.0,2.94,-0.52,6.0,3.16,-1.26,8.75,3.7,-0.48,13.25,4.01,-0.34,9.75,,,,,,,,,,,,,,,,,,,,,,,,,,,,,,,,,,,,,,,,,,,,,,,,,,,,,,,,,,,,,,,,,,,,,,,,,,,,,,,,,,,,,,,,,,,,,,,,,,,,,,,,,,,,,,,,,,,,,,,,,,,,,,,,,,,,
180345,46,11,2763,0,2.67,-1.31,-0.18,-0.97,-0.34,-0.13,2.48,-1.12,7.5,2.59,-1.11,14.25,2.62,-1.12,14.5,2.7,-1.17,6.0,3.14,-1.21,8.0,2.45,-0.76,10.5,3.83,-1.26,7.75,3.6,-0.68,9.75,3.73,-0.77,8.25,,,,,,,,,,,,,,,,,,,,,,,,,,,,,,,,,,,,,,,,,,,,,,,,,,,,,,,,,,,,,,,,,,,,,,,,,,,,,,,,,,,,,,,,,,,,,,,,,,,,,,,,,,,,,,,,,,,,,,,,,,,
180345,46,12,2764,0,2.65,-1.41,-0.21,-0.98,-0.34,-0.13,3.09,-1.29,8.5,3.72,-1.56,7.0,3.61,-1.28,7.5,3.51,-1.01,7.75,,,,,,,,,,,,,,,,,,,,,,,,,,,,,,,,,,,,,,,,,,,,,,,,,,,,,,,,,,,,,,,,,,,,,,,,,,,,,,,,,,,,,,,,,,,,,,,,,,,,,,,,,,,,,,,,,,,,,,,,,,,,,,,,,,,,,,,,,,
180345,46,13,2765,0,2.65,-1.44,-0.22,-0.87,-0.34,-0.02,2.79,-0.89,4.0,2.79,-1.09,25.5,3.48,-1.11,7.5,,,,,,,,,,,,,,,,,,,,,,,,,,,,,,,,,,,,,,,,,,,,,,,,,,,,,,,,,,,,,,,,,,,,,,,,,,,,,,,,,,,,,,,,,,,,,,,,,,,,,,,,,,,,,,,,,,,,,,,,,,,,,,,,,,,,,,,,,,,,,
180345,46,14,2766,0,2.63,-1.53,-0.13,-0.44,0.0,0.0,3.46,-1.16,8.5,,,,,,,,,,,,,,,,,,,,,,,,,,,,,,,,,,,,,,,,,,,,,,,,,,,,,,,,,,,,,,,,,,,,,,,,,,,,,,,,,,,,,,,,,,,,,,,,,,,,,,,,,,,,,,,,,,,,,,,,,,,,,,,,,,,,,,,,,,,,,,,,,,,
180403,47,1,2843,0,2.65,-0.25,0.17,-0.51,0.37,-0.54,2.82,-1.28,17.5,3.03,-1.45,9.5,2.71,-1.06,16.75,2.92,-1.31,15.75,3.4,-1.31,7.75,3.6,-1.25,8.0,2.44,-0.58,16.25,2.52,-0.66,19.75,2.61,-0.7,19.25,3.9,-1.0,4.5,2.32,-0.5,7.25,3.75,-0.37,15.25,2.36,0.21,17.5,,,,,,,,,,,,,,,,,,,,,,,,,,,,,,,,,,,,,,,,,,,,,,,,,,,,,,,,,,,,,,,,,,,,,,,,,,,,,,,,,,,,,,,,,,,,,,,,,,,,,,,,,,,,,,,
180403,47,2,2844,0,2.7,-0.5,0.27,-0.92,0.43,-0.85,2.98,-1.23,11.25,3.17,-1.34,5.5,2.68,-0.87,16.75,2.87,-1.03,12.5,2.49,-0.69,9.25,2.58,-0.73,19.25,2.6,-0.77,21.5,3.66,-0.76,9.0,3.72,-0.76,12.0,3.97,-0.66,5.25,3.78,-0.24,15.75,2.36,0.22,17.0,,,,,,,,,,,,,,,,,,,,,,,,,,,,,,,,,,,,,,,,,,,,,,,,,,,,,,,,,,,,,,,,,,,,,,,,,,,,,,,,,,,,,,,,,,,,,,,,,,,,,,,,,,,,,,,,,,
180403,47,3,2845,0,2.72,-0.69,0.24,-1.17,0.3,-0.98,2.55,-1.01,17.0,2.89,-1.1,15.0,2.95,-1.26,12.5,3.09,-1.37,7.5,2.5,-0.93,14.5,2.78,-0.84,15.0,2.45,-0.71,6.25,3.62,-0.81,5.75,3.78,-0.8,9.5,3.93,-0.89,7.0,2.64,-0.32,23.5,3.78,-0.26,17.0,3.81,-0.26,21.0,2.34,0.23,15.75,,,,,,,,,,,,,,,,,,,,,,,,,,,,,,,,,,,,,,,,,,,,,,,,,,,,,,,,,,,,,,,,,,,,,,,,,,,,,,,,,,,,,,,,,,,,,,,,,,,,,,,,,,,,
180403,47,4,2846,0,2.73,-0.83,0.16,-1.26,0.11,-0.93,2.76,-1.1,20.0,2.8,-1.16,19.5,2.86,-1.29,13.5,3.13,-1.18,5.75,2.56,-0.78,12.0,2.67,-0.98,15.0,2.43,-0.72,4.5,3.79,-0.72,5.75,3.97,-0.7,4.75,2.46,-0.41,16.75,2.56,-0.58,22.25,3.79,-0.17,15.5,3.83,-0.17,20.0,4.03,-0.16,16.0,2.26,0.15,15.25,,,,,,,,,,,,,,,,,,,,,,,,,,,,,,,,,,,,,,,,,,,,,,,,,,,,,,,,,,,,,,,,,,,,,,,,,,,,,,,,,,,,,,,,,,,,,,,,,,,,,,,,,
180403,47,5,2847,0,2.73,-0.95,0.12,-1.3,0.01,-0.87,2.52,-0.94,13.5,2.83,-1.1,17.75,2.89,-1.19,11.0,2.63,-0.94,16.5,2.76,-0.99,18.0,3.91,-0.98,4.25,2.44,-0.49,14.75,3.77,-0.34,16.5,3.82,-0.28,20.5,4.02,-0.23,16.0,2.23,0.18,15.5,,,,,,,,,,,,,,,,,,,,,,,,,,,,,,,,,,,,,,,,,,,,,,,,,,,,,,,,,,,,,,,,,,,,,,,,,,,,,,,,,,,,,,,,,,,,,,,,,,,,,,,,,,,,,,,,,,,,,
180403,47,6,2848,0,2.72,-1.09,0.01,-1.35,-0.18,-0.79,2.48,-1.23,7.5,2.63,-1.25,18.5,2.82,-1.28,15.5,3.45,-1.78,6.0,2.72,-1.22,24.0,2.75,-1.23,23.0,2.82,-1.28,15.5,3.68,-1.63,5.75,2.91,-1.29,13.25,2.44,-0.45,15.0,3.82,-0.37,21.25,4.0,-0.44,17.25,3.78,-0.33,16.25,2.26,0.06,14.5,,,,,,,,,,,,,,,,,,,,,,,,,,,,,,,,,,,,,,,,,,,,,,,,,,,,,,,,,,,,,,,,,,,,,,,,,,,,,,,,,,,,,,,,,,,,,,,,,,,,,,,,,,,,
180403,47,7,2849,0,2.7,-1.18,-0.1,-1.29,-0.35,-0.62,2.6,-1.24,15.25,2.69,-1.24,19.5,2.5,-1.11,6.0,2.76,-1.23,18.75,2.86,-1.24,11.5,3.06,-1.47,10.5,2.91,-1.19,15.5,2.54,-0.72,20.75,3.79,-0.23,15.0,3.84,-0.22,20.0,4.01,-0.36,16.5,,,,,,,,,,,,,,,,,,,,,,,,,,,,,,,,,,,,,,,,,,,,,,,,,,,,,,,,,,,,,,,,,,,,,,,,,,,,,,,,,,,,,,,,,,,,,,,,,,,,,,,,,,,,,,,,,,,,,
180403,47,8,2850,0,2.69,-1.24,-0.14,-1.21,-0.38,-0.47,2.88,-1.36,4.0,2.53,-1.02,6.25,2.62,-1.09,14.25,2.69,-1.03,15.0,2.8,-1.01,9.75,3.05,-1.43,10.5,2.83,-1.13,25.25,2.89,-1.21,16.25,3.52,-1.13,10.5,3.9,-1.02,13.75,3.81,-0.73,14.0,,,,,,,,,,,,,,,,,,,,,,,,,,,,,,,,,,,,,,,,,,,,,,,,,,,,,,,,,,,,,,,,,,,,,,,,,,,,,,,,,,,,,,,,,,,,,,,,,,,,,,,,,,,,,,,,,,,,,
180403,47,9,2851,0,2.69,-1.31,-0.16,-1.15,-0.38,-0.36,2.72,-1.06,12.5,2.75,-1.14,18.75,2.75,-1.22,17.5,2.86,-1.23,8.5,2.88,-1.21,16.75,3.09,-1.31,9.5,3.5,-1.17,10.0,3.69,-1.15,12.0,3.83,-1.25,12.25,,,,,,,,,,,,,,,,,,,,,,,,,,,,,,,,,,,,,,,,,,,,,,,,,,,,,,,,,,,,,,,,,,,,,,,,,,,,,,,,,,,,,,,,,,,,,,,,,,,,,,,,,,,,,,,,,,,,,,,,,,,
